{"type":"Feature","properties":{"name":"Аргазинское водохранилище, Байрамгулово, Аргаяшский муниципальный округ, Челябинская область, Уральский федеральный округ, Россия","source":"https://www.openstreetmap.org/relation/172936","license":"ODbL 1.0"},"geometry":{"type":"Polygon","coordinates":[[[60.2969101,55.4625993],[60.2969679,55.4625155],[60.2983698,55.4619553],[60.2988558,55.4625382],[60.299535,55.4633153],[60.2998901,55.4631493],[60.2985442,55.4618599],[60.2990614,55.4616762],[60.3003699,55.462517],[60.3007064,55.462358],[60.2993169,55.4615102],[60.3017345,55.460634],[60.3048694,55.4597691],[60.3056716,55.4596405],[60.3067427,55.4598019],[60.3079402,55.4605354],[60.3106626,55.4613498],[60.313902,55.4630343],[60.3158098,55.4632953],[60.3179961,55.4636775],[60.3193039,55.4638633],[60.3200553,55.4641118],[60.3199502,55.4642644],[60.3207066,55.4645378],[60.321336,55.464883],[60.3215847,55.465052],[60.322798,55.4654466],[60.3239802,55.4654224],[60.3248769,55.4658087],[60.3250523,55.4660713],[60.3252151,55.466476],[60.3257239,55.4673092],[60.3259039,55.4677042],[60.3259394,55.4681992],[60.3259039,55.4686768],[60.3260254,55.4692572],[60.3266553,55.4696423],[60.3272063,55.4699191],[60.3283104,55.4704794],[60.3298613,55.4706361],[60.3314561,55.4707105],[60.3318025,55.4703167],[60.3315145,55.4694719],[60.331515,55.4689375],[60.3323246,55.4682386],[60.3318638,55.466716],[60.3314698,55.4656835],[60.3321028,55.4650022],[60.3316078,55.4643354],[60.3290558,55.4633174],[60.3278312,55.4607345],[60.3275001,55.4598989],[60.3267491,55.4594488],[60.3262663,55.4577029],[60.3264579,55.4569385],[60.3262663,55.4556344],[60.3257084,55.454655],[60.3253109,55.4535603],[60.3265027,55.4518306],[60.3253278,55.4496925],[60.3258097,55.4493598],[60.3269981,55.4496597],[60.3275887,55.4498044],[60.3280669,55.4507787],[60.3288472,55.4503118],[60.3298116,55.4511426],[60.3309884,55.4517344],[60.3310247,55.4523003],[60.3319996,55.4532198],[60.3329854,55.4533893],[60.333715,55.4540759],[60.3339725,55.4538696],[60.3347375,55.4540041],[60.3358414,55.4542183],[60.336173,55.454332],[60.3368575,55.4542633],[60.337901,55.4541827],[60.3382319,55.4543448],[60.3384536,55.4544828],[60.3387822,55.4544653],[60.3386653,55.4542292],[60.3388584,55.4538763],[60.3397524,55.4540101],[60.340575,55.4535855],[60.3411535,55.4534878],[60.3429686,55.4519705],[60.3435389,55.4517767],[60.3437374,55.4518083],[60.3438023,55.4519543],[60.3443258,55.4517104],[60.3445946,55.4513699],[60.3447426,55.4506304],[60.3448886,55.450328],[60.3456144,55.4501226],[60.3455613,55.4499036],[60.3453472,55.4497682],[60.3450404,55.449753],[60.3449342,55.4495248],[60.345322,55.4494348],[60.3452561,55.4491472],[60.3451359,55.44908],[60.3452603,55.4487798],[60.3453939,55.4487128],[60.3454352,55.4486035],[60.3457115,55.4483763],[60.3459695,55.4482214],[60.3465032,55.4481479],[60.3468659,55.4482074],[60.3470367,55.4483285],[60.3478095,55.4483304],[60.3483406,55.4481347],[60.3484473,55.4478235],[60.3481793,55.4476378],[60.3480611,55.4474587],[60.3479218,55.4470567],[60.3478036,55.446863],[60.3477395,55.4465821],[60.3473503,55.4463439],[60.3471244,55.4463652],[60.3469211,55.4462554],[60.3466331,55.4463467],[60.3459207,55.4463406],[60.345491,55.4464358],[60.3451589,55.4464553],[60.3446515,55.4462779],[60.344535,55.4459654],[60.3441311,55.4457488],[60.3435137,55.4456061],[60.3436939,55.4454375],[60.344508,55.4448063],[60.3449542,55.4447767],[60.3454461,55.4448237],[60.3458529,55.4447288],[60.3465336,55.4444081],[60.3467916,55.443979],[60.3461911,55.443953],[60.3459856,55.4436928],[60.3453563,55.4434044],[60.3457281,55.4433411],[60.3459078,55.4434576],[60.3461567,55.4433603],[60.3468047,55.4434588],[60.3476255,55.4429589],[60.3476925,55.4428113],[60.3475879,55.4424556],[60.3470499,55.4418282],[60.3465977,55.44162],[60.3462361,55.4412622],[60.3457614,55.441023],[60.3457104,55.4407418],[60.3453885,55.4404768],[60.3452035,55.4405017],[60.3451096,55.4406229],[60.3451176,55.4407869],[60.3452845,55.4409737],[60.3451745,55.4411344],[60.344924,55.4410726],[60.344763,55.4411103],[60.3448923,55.4414551],[60.3446692,55.4418282],[60.3444734,55.4419551],[60.344291,55.4418817],[60.3439718,55.4419742],[60.3439482,55.4417667],[60.3438275,55.4415896],[60.3435936,55.4416779],[60.3432953,55.4416088],[60.3429751,55.4413681],[60.3426489,55.4412278],[60.3422224,55.4412558],[60.341583,55.4418403],[60.3413459,55.4417488],[60.3410391,55.441519],[60.3409479,55.4415251],[60.3408545,55.4418139],[60.3407075,55.4419612],[60.3399871,55.4419825],[60.3399678,55.4416021],[60.3397484,55.4409113],[60.3398836,55.4405684],[60.3401625,55.4403791],[60.3404994,55.4402945],[60.3411603,55.4404035],[60.3414602,55.4402753],[60.3418078,55.4403633],[60.3420079,55.4403678],[60.3430979,55.4396759],[60.343563,55.4395523],[60.3435399,55.4392163],[60.3430791,55.438944],[60.3431939,55.4388609],[60.3434343,55.4388244],[60.343496,55.4385904],[60.3436027,55.4384988],[60.3439187,55.4386637],[60.3440989,55.4386321],[60.3441617,55.4381272],[60.3439181,55.4379026],[60.3435292,55.4377927],[60.3433216,55.437888],[60.3431526,55.4381126],[60.3423802,55.4380134],[60.3421897,55.4381126],[60.3415213,55.4381972],[60.3418523,55.4376814],[60.342393,55.4376275],[60.3424655,55.4375426],[60.3424258,55.4373846],[60.3421591,55.437349],[60.3418341,55.4373907],[60.3416002,55.4370809],[60.3411442,55.4369023],[60.3403771,55.4363256],[60.3399576,55.4361914],[60.3393375,55.4364479],[60.3389453,55.4364564],[60.338264,55.4362961],[60.3370576,55.4361332],[60.3364476,55.4355017],[60.3366445,55.4352309],[60.3362358,55.4349287],[60.3362122,55.4341462],[60.3365142,55.4339103],[60.3373929,55.4341459],[60.3372968,55.4338659],[60.3374878,55.4337453],[60.3380387,55.4337243],[60.3381353,55.4336486],[60.3394968,55.433539],[60.3403122,55.4341276],[60.3405809,55.4342539],[60.3407295,55.4342073],[60.340795,55.4339885],[60.3406909,55.4333564],[60.3408164,55.4330322],[60.340795,55.4328268],[60.3402687,55.4323934],[60.3392098,55.4316638],[60.3389046,55.4316799],[60.3387018,55.4316318],[60.3383252,55.4318851],[60.3380918,55.4318826],[60.3378209,55.4319761],[60.3375345,55.431931],[60.3358393,55.4310182],[60.3349231,55.4304079],[60.3343432,55.4302749],[60.333303,55.4305623],[60.3327677,55.4305041],[60.3324898,55.4303483],[60.3320381,55.4302542],[60.3310913,55.4298792],[60.3307056,55.4298759],[60.3303955,55.4298187],[60.3295093,55.4294621],[60.3290614,55.4293441],[60.3285582,55.4291189],[60.328246,55.4291253],[60.3277305,55.428949],[60.3274209,55.428648],[60.3271618,55.4282854],[60.3269934,55.4275792],[60.3264693,55.4263053],[60.3260911,55.4257829],[60.3251283,55.4251968],[60.3246382,55.4248438],[60.3245831,55.4247414],[60.3240205,55.4244979],[60.3240617,55.4237859],[60.3236374,55.4236924],[60.3231847,55.4231767],[60.3230784,55.4228875],[60.3236353,55.4224509],[60.3245703,55.4220262],[60.3249115,55.4219961],[60.3256834,55.421502],[60.32609,55.4215151],[60.3261142,55.4214167],[60.3259457,55.4212767],[60.3257891,55.4204979],[60.3254914,55.4199486],[60.3256319,55.4198689],[60.3262005,55.4199907],[60.3264146,55.4194435],[60.3266935,55.4193184],[60.3270685,55.4193218],[60.3277627,55.4195787],[60.3281757,55.4201073],[60.3287207,55.4206127],[60.3287851,55.4207889],[60.3293581,55.4212551],[60.3296563,55.4213239],[60.3303,55.4213686],[60.3308424,55.4213138],[60.3311138,55.4211293],[60.3313187,55.421178],[60.3316288,55.4214164],[60.3322403,55.4216597],[60.3320349,55.4219468],[60.3320885,55.422665],[60.3324115,55.4230418],[60.3333615,55.42369],[60.3333132,55.4240763],[60.3336345,55.4242416],[60.3338835,55.4244702],[60.3339473,55.4246958],[60.3336673,55.4246742],[60.3335514,55.4247789],[60.3336034,55.424957],[60.3335004,55.4251936],[60.3332145,55.4249488],[60.3329973,55.4249719],[60.3329463,55.4250837],[60.3332081,55.4255442],[60.3331855,55.4257342],[60.3328808,55.4255211],[60.3323251,55.4255695],[60.3324227,55.425982],[60.3327113,55.4261175],[60.3328953,55.425989],[60.333111,55.4259884],[60.3332478,55.4260803],[60.3338266,55.4262091],[60.3340524,55.4261844],[60.3341914,55.4262825],[60.335017,55.426245],[60.3354129,55.4263555],[60.3360475,55.4267287],[60.3359767,55.4268362],[60.3357975,55.4268724],[60.3357122,55.4271942],[60.3358897,55.4275604],[60.3361167,55.427634],[60.336651,55.4276392],[60.3370318,55.4274514],[60.336556,55.427063],[60.3368511,55.4268535],[60.3372351,55.426842],[60.3373414,55.4266051],[60.3370919,55.4257695],[60.3372958,55.4256481],[60.3377893,55.4257567],[60.3379819,55.4257494],[60.3387554,55.4260557],[60.3391143,55.4259309],[60.3402907,55.4262745],[60.3416777,55.4256894],[60.3423536,55.4257807],[60.3429651,55.4257502],[60.3427291,55.4252571],[60.3426486,55.4249618],[60.3428471,55.4249648],[60.3439093,55.425184],[60.3453684,55.4256346],[60.3464949,55.425732],[60.3469562,55.425872],[60.3470313,55.4260973],[60.3467095,55.4262251],[60.346216,55.4262069],[60.3450894,55.4261155],[60.3438848,55.4261476],[60.3432401,55.426585],[60.3420363,55.4276766],[60.3427356,55.4278891],[60.3428085,55.4282554],[60.3422358,55.4282081],[60.3416318,55.4279777],[60.3408926,55.42783],[60.3406739,55.4286217],[60.340491,55.4287628],[60.3405528,55.4291671],[60.3403547,55.4296385],[60.3409605,55.4305718],[60.3420114,55.4312152],[60.3432803,55.4317459],[60.3435434,55.431806],[60.3437099,55.4316972],[60.3436526,55.4314018],[60.3444713,55.4309715],[60.3450909,55.4307792],[60.3474824,55.4311773],[60.3479152,55.4313871],[60.3479933,55.43191],[60.3485764,55.4323945],[60.3489609,55.4325939],[60.3494458,55.4330873],[60.3498169,55.4331646],[60.3499472,55.4329421],[60.3507332,55.4329046],[60.3517328,55.4327392],[60.3525157,55.432684],[60.3528326,55.4328569],[60.3535361,55.4330207],[60.3540485,55.4332872],[60.3547752,55.4339187],[60.355012,55.4339895],[60.3554625,55.4339482],[60.3555568,55.4338395],[60.3555458,55.4336056],[60.3551501,55.4332334],[60.3551084,55.4330857],[60.3552334,55.4328908],[60.3552839,55.4321853],[60.3546086,55.4317919],[60.3544212,55.4315083],[60.35439,55.4312188],[60.3536285,55.4304738],[60.3532328,55.4303852],[60.3528475,55.4304384],[60.3526914,55.4306156],[60.3524102,55.4307633],[60.3522749,55.4309346],[60.3519,55.431041],[60.3511711,55.4309406],[60.350713,55.4306747],[60.3509837,55.4302729],[60.3516501,55.4300721],[60.3528059,55.4301843],[60.3531287,55.4301252],[60.3532328,55.4297944],[60.3531341,55.4294462],[60.3526021,55.428876],[60.3519145,55.428772],[60.351321,55.4283171],[60.3513627,55.4281575],[60.3505817,55.4279153],[60.3508733,55.4275194],[60.3513314,55.4273717],[60.3511634,55.4271371],[60.3515501,55.4265149],[60.352276,55.4263189],[60.3528777,55.4256054],[60.3523597,55.4249763],[60.3516405,55.4243526],[60.3515997,55.4241524],[60.3517395,55.4239494],[60.3521909,55.4239001],[60.3527892,55.4239036],[60.3530352,55.4241069],[60.3539944,55.4245469],[60.3540069,55.4240899],[60.3542788,55.423649],[60.3548103,55.423455],[60.355737,55.423399],[60.3560351,55.4235378],[60.356216,55.4238343],[60.3561084,55.424088],[60.3558272,55.4244156],[60.3561742,55.4249865],[60.3570733,55.4252497],[60.3573829,55.4248427],[60.3574496,55.4243115],[60.3571405,55.4240011],[60.3569928,55.4235235],[60.3583473,55.4228634],[60.3586292,55.4224495],[60.3587404,55.4219109],[60.3585929,55.4215671],[60.3582883,55.4213265],[60.3570641,55.4207823],[60.3568775,55.4209033],[60.3560909,55.4208277],[60.3558776,55.4207671],[60.3557176,55.420631],[60.355211,55.4204191],[60.3552243,55.4199424],[60.3545467,55.4195097],[60.3547512,55.4193162],[60.3550795,55.4194174],[60.3557828,55.4194751],[60.3564427,55.4193616],[60.3567943,55.4195801],[60.3570367,55.4196243],[60.3572901,55.4195588],[60.3572689,55.4193454],[60.3576377,55.4194213],[60.3577295,55.4192263],[60.3574029,55.4183183],[60.3571814,55.4181488],[60.3567913,55.4181178],[60.3565496,55.4180099],[60.3559597,55.4175493],[60.3558791,55.4174059],[60.3554297,55.4173573],[60.3550831,55.4171624],[60.3545698,55.4172239],[60.3543965,55.4171634],[60.3544365,55.4170527],[60.3548065,55.4170168],[60.3552881,55.4168891],[60.3554781,55.4168872],[60.3556713,55.4165952],[60.3556041,55.4164635],[60.3555016,55.4163839],[60.3552883,55.4163364],[60.3552435,55.4162046],[60.3551316,55.4161598],[60.3550637,55.4162267],[60.3541252,55.4158087],[60.3539505,55.4157806],[60.3538483,55.4158575],[60.3535219,55.4159264],[60.3534088,55.4159933],[60.3532768,55.4159558],[60.3522687,55.4153163],[60.3521377,55.4153897],[60.3516563,55.4153331],[60.3514642,55.415521],[60.3513252,55.4155585],[60.3510055,55.4153285],[60.3508882,55.4151279],[60.3508081,55.4152584],[60.3509177,55.415562],[60.3508705,55.4156369],[60.350728,55.4156604],[60.3507117,55.4157626],[60.3505111,55.41596],[60.350539,55.4160271],[60.3508773,55.416151],[60.3509523,55.4162607],[60.3509957,55.4165549],[60.3511057,55.4166552],[60.3509507,55.4167942],[60.350979,55.4169163],[60.3514606,55.4170345],[60.3516039,55.4171234],[60.3517206,55.4174478],[60.3518989,55.4175859],[60.3522322,55.4176635],[60.3526538,55.4176815],[60.3527838,55.4177505],[60.3531665,55.418127],[60.3533288,55.4184618],[60.353892,55.4189423],[60.3542017,55.4190159],[60.3541651,55.4190472],[60.35426,55.41912],[60.3546444,55.4193049],[60.3544911,55.419496],[60.3540569,55.4194384],[60.3535712,55.4195792],[60.3530855,55.4193972],[60.3527712,55.4194279],[60.3527312,55.4198062],[60.3525877,55.4199456],[60.3515205,55.4200308],[60.3505106,55.4205192],[60.3501323,55.4208917],[60.3493666,55.4211365],[60.3491751,55.4215669],[60.3486892,55.4216546],[60.3481075,55.4214499],[60.348549,55.4210654],[60.3487217,55.4203675],[60.3478241,55.4194914],[60.3470538,55.4191611],[60.346342,55.4191448],[60.3457506,55.4190608],[60.3444873,55.4183157],[60.3440645,55.4182919],[60.3435467,55.4181143],[60.3433661,55.417687],[60.342849,55.4173371],[60.3425783,55.4173992],[60.3421669,55.4171554],[60.3419327,55.4172958],[60.3410563,55.4175013],[60.3409101,55.4181399],[60.3405633,55.4186688],[60.3411899,55.4194437],[60.3411593,55.4198519],[60.340168,55.4202562],[60.3391609,55.4198359],[60.3383026,55.4191539],[60.3375716,55.4178497],[60.3364143,55.4165233],[60.3367734,55.4154138],[60.3344688,55.415175],[60.3334345,55.4144978],[60.333662,55.41356],[60.3353271,55.4130191],[60.3365416,55.4126464],[60.3377215,55.4128047],[60.3384742,55.4122358],[60.3392007,55.412165],[60.3400636,55.412025],[60.3414723,55.4127647],[60.3418084,55.4122746],[60.341969,55.4119044],[60.3421782,55.4114848],[60.3428458,55.411905],[60.3431379,55.4117997],[60.3436045,55.4119047],[60.3436662,55.4125095],[60.3433844,55.4125245],[60.3429794,55.4128343],[60.3426096,55.4126544],[60.3422222,55.4130692],[60.3424247,55.4132492],[60.3429794,55.4131092],[60.343358,55.4127944],[60.3439552,55.4129347],[60.3440888,55.4127444],[60.3436838,55.4118147],[60.3441841,55.4115552],[60.3448357,55.4124848],[60.3455929,55.4122949],[60.3456281,55.4127547],[60.3464205,55.4129546],[60.3465614,55.4118951],[60.3461564,55.4111153],[60.3457337,55.4108854],[60.345047,55.4111253],[60.3441665,55.4111953],[60.3431628,55.4110953],[60.3420006,55.4112953],[60.3413406,55.4110143],[60.3402412,55.4114149],[60.3397989,55.41127],[60.3393519,55.4109001],[60.3398547,55.4105927],[60.3412208,55.4104818],[60.3416411,55.4096305],[60.3420922,55.4096307],[60.3424423,55.4094705],[60.3424863,55.4091706],[60.3432083,55.4093606],[60.3435165,55.4090307],[60.3442728,55.4091316],[60.3444234,55.4094405],[60.3448988,55.4098754],[60.3453993,55.4099836],[60.3456824,55.4099154],[60.346061,55.4099554],[60.3465717,55.4102753],[60.3472447,55.4101712],[60.3476106,55.4101153],[60.3480157,55.4103252],[60.3481653,55.4105852],[60.3485931,55.4108796],[60.3491074,55.410955],[60.3496269,55.4112199],[60.3496357,55.4113899],[60.3501288,55.4118447],[60.350569,55.4116848],[60.3504281,55.4113799],[60.3500671,55.4114749],[60.3501112,55.4112699],[60.3503313,55.41113],[60.3502608,55.41096],[60.3492747,55.4109001],[60.3492219,55.4103552],[60.3495124,55.4101953],[60.3501243,55.4101653],[60.3510621,55.4096505],[60.3514759,55.4098604],[60.3517752,55.4089607],[60.3526029,55.4084408],[60.3532984,55.4084508],[60.3536403,55.408246],[60.3539652,55.407864],[60.3543858,55.4066457],[60.3540382,55.4055688],[60.3528366,55.4047501],[60.351535,55.4040971],[60.3510304,55.4041124],[60.3509946,55.4036684],[60.3505434,55.4030353],[60.3488893,55.4026479],[60.3478875,55.4030748],[60.3471803,55.4033734],[60.347917,55.4040363],[60.3473721,55.4042788],[60.3444252,55.4048427],[60.3442429,55.4050256],[60.3433594,55.4047623],[60.3429839,55.4051176],[60.3426399,55.405157],[60.3416571,55.4044406],[60.3403373,55.404319],[60.3400093,55.4043027],[60.3398166,55.4044401],[60.3394704,55.4033828],[60.3398967,55.4033297],[60.3405928,55.4031565],[60.342051,55.4022392],[60.3427051,55.4021673],[60.3433173,55.4025919],[60.3441445,55.4027761],[60.344596,55.4025745],[60.3455066,55.4024888],[60.3454521,55.4019156],[60.345601,55.4013265],[60.3462362,55.4005321],[60.3473407,55.3997698],[60.3468857,55.3993708],[60.3452448,55.3989797],[60.346704,55.3979684],[60.345129,55.3972421],[60.3450989,55.3962185],[60.3474936,55.3956166],[60.3462863,55.3937632],[60.3477454,55.3933001],[60.3495908,55.3936169],[60.34899,55.3923495],[60.3481746,55.3913014],[60.34693,55.3901802],[60.3458512,55.389441],[60.3456795,55.3890876],[60.3453421,55.3889614],[60.3449875,55.3886945],[60.3450036,55.3885818],[60.345363,55.3884964],[60.3452128,55.3883715],[60.3449392,55.3883014],[60.3448856,55.388466],[60.3444886,55.3884294],[60.3441727,55.3881874],[60.3437215,55.3882283],[60.3434104,55.388079],[60.34289,55.3877591],[60.3429705,55.3878962],[60.3432333,55.3880607],[60.3430617,55.3882344],[60.3429544,55.3884172],[60.342654,55.3884538],[60.342493,55.3886],[60.3420269,55.3885592],[60.341506,55.3888011],[60.3411734,55.3886793],[60.3411305,55.3889169],[60.3408623,55.3889962],[60.3405511,55.3892155],[60.3397236,55.3892782],[60.34024,55.3899712],[60.3398859,55.3900413],[60.3400415,55.3901814],[60.339904,55.3902526],[60.3387701,55.3902454],[60.3375085,55.3900368],[60.337134,55.39009],[60.3367746,55.3902545],[60.3364049,55.3905877],[60.3360247,55.3907735],[60.3360239,55.3904424],[60.3357071,55.3902302],[60.3351277,55.3903919],[60.3342147,55.3903039],[60.3340943,55.3901514],[60.3341212,55.3899557],[60.3344105,55.3897808],[60.3348154,55.3897674],[60.3350365,55.3896726],[60.3356963,55.3896665],[60.3354555,55.3891347],[60.3351599,55.3889809],[60.3348221,55.3888161],[60.3345838,55.3886075],[60.3344912,55.3885399],[60.3345223,55.3884405],[60.334717,55.3883647],[60.3350553,55.388339],[60.3356442,55.3885417],[60.3360181,55.388606],[60.337015,55.3889457],[60.337472,55.388923],[60.3377374,55.388801],[60.338282,55.3880342],[60.3386089,55.388097],[60.338915,55.3880333],[60.3390545,55.3878261],[60.3393227,55.3877865],[60.3397518,55.3881095],[60.3398859,55.3880546],[60.3401273,55.3881277],[60.3406934,55.3879796],[60.3404707,55.3876981],[60.3400302,55.3873006],[60.3396956,55.3872302],[60.3395678,55.3870675],[60.3394886,55.3868833],[60.3395126,55.3867287],[60.3396552,55.386601],[60.3400949,55.3864667],[60.3399718,55.3863726],[60.3401495,55.3862168],[60.3398484,55.3859886],[60.3399289,55.3858881],[60.3400576,55.3858424],[60.3405297,55.3858759],[60.3410822,55.3857814],[60.3409803,55.3854737],[60.3407335,55.385396],[60.3405726,55.3852847],[60.3403661,55.3853152],[60.3402858,55.3852637],[60.3399289,55.3849495],[60.3394067,55.3848425],[60.3387947,55.3846527],[60.3384922,55.3844358],[60.338496,55.3841784],[60.3384161,55.3836696],[60.3381103,55.3831799],[60.3383571,55.3828407],[60.338164,55.3825908],[60.3383778,55.3820639],[60.3382517,55.3816537],[60.337885,55.3814907],[60.3373938,55.3813359],[60.3373218,55.3816217],[60.336898,55.3817132],[60.3369127,55.381845],[60.3367279,55.3820645],[60.3363663,55.3821841],[60.3360621,55.3820705],[60.3357623,55.3819621],[60.3351492,55.3819082],[60.3347682,55.3817519],[60.3341986,55.3807358],[60.3327298,55.3793787],[60.3319684,55.3789189],[60.3322842,55.3800214],[60.3319144,55.3802442],[60.3319466,55.3804575],[60.3315067,55.3804819],[60.3314745,55.3806343],[60.3319573,55.3812743],[60.3324294,55.381256],[60.3328907,55.3816278],[60.3329877,55.3820607],[60.3334356,55.3824009],[60.3333047,55.3825038],[60.3330843,55.3825605],[60.332483,55.3820789],[60.3323972,55.3823349],[60.3322685,55.3823684],[60.3319251,55.3823379],[60.3315067,55.3821215],[60.3312761,55.3821733],[60.3312653,55.3823074],[60.3315175,55.3824415],[60.3315657,55.382603],[60.3319412,55.382856],[60.3322899,55.3828224],[60.332483,55.3828864],[60.3326828,55.382803],[60.3330624,55.3828468],[60.3331904,55.3829617],[60.333005,55.3831111],[60.3329119,55.3832492],[60.3327995,55.3834959],[60.3324616,55.3835538],[60.3321612,55.3838951],[60.3317952,55.3839968],[60.33126,55.3841085],[60.3307557,55.3840719],[60.3303373,55.3836757],[60.3295219,55.3832796],[60.3290465,55.3834775],[60.3263277,55.3828924],[60.3254771,55.3828407],[60.3247607,55.3826639],[60.3241434,55.3824657],[60.3243046,55.3821132],[60.3241027,55.381715],[60.3244629,55.3815031],[60.3245983,55.3806859],[60.3246948,55.3800544],[60.3237185,55.379067],[60.3234868,55.3780893],[60.3240447,55.3777308],[60.3244867,55.3772115],[60.3258428,55.3768579],[60.3268213,55.3762093],[60.3289467,55.3758082],[60.3292,55.3756206],[60.3296453,55.3756389],[60.3301623,55.3752681],[60.330525,55.3750903],[60.3304017,55.3746849],[60.3306273,55.3742489],[60.3302085,55.3736485],[60.3295893,55.3730173],[60.3291302,55.3725948],[60.3288513,55.3725572],[60.328508,55.3724018],[60.3279501,55.3723469],[60.3276443,55.3724292],[60.3275102,55.3723286],[60.3270489,55.3723103],[60.3265661,55.3721731],[60.3263944,55.371914],[60.3262442,55.3718134],[60.3262925,55.3716946],[60.3260994,55.3716122],[60.3258473,55.3717007],[60.3258848,55.3720085],[60.325799,55.3721548],[60.3258955,55.3724444],[60.3256519,55.3728131],[60.3248472,55.3730222],[60.3225097,55.3724576],[60.3223495,55.3710542],[60.3223452,55.3698788],[60.3219375,55.369013],[60.3209934,55.3686398],[60.3205385,55.3681569],[60.3208088,55.3674448],[60.3208285,55.3668915],[60.3190193,55.366618],[60.3177704,55.3670984],[60.3174781,55.3677413],[60.3181567,55.3679691],[60.3198347,55.3683203],[60.3192467,55.3690569],[60.3172383,55.36913],[60.3160796,55.3683106],[60.316888,55.3676138],[60.3157784,55.3667617],[60.315064,55.3665587],[60.3153543,55.365335],[60.3151945,55.3646867],[60.3141098,55.3642399],[60.313672,55.363796],[60.3146591,55.3633813],[60.3144873,55.3624656],[60.3127968,55.3620452],[60.3136282,55.3613358],[60.3142056,55.3612145],[60.3146036,55.3607249],[60.3140823,55.3600534],[60.3144531,55.3599468],[60.3156446,55.3603057],[60.31572,55.3606239],[60.3162835,55.3608742],[60.3169526,55.3607541],[60.3170893,55.3603189],[60.3168998,55.3600634],[60.3169702,55.3594428],[60.3174866,55.3589405],[60.3162469,55.3578269],[60.3149938,55.3575464],[60.3148307,55.3567974],[60.3145364,55.3561142],[60.3144019,55.3553938],[60.3142181,55.3551521],[60.3139372,55.3548681],[60.3138353,55.354632],[60.3136523,55.3539235],[60.3134657,55.3535386],[60.3131421,55.3530845],[60.3125962,55.3529005],[60.3119231,55.3527866],[60.3117489,55.3529925],[60.3113261,55.353246],[60.3110486,55.3533474],[60.3103881,55.3529512],[60.3101635,55.3531014],[60.3099785,55.3530564],[60.3095293,55.352632],[60.3094698,55.3523879],[60.3092227,55.3520811],[60.3117649,55.3522477],[60.3123358,55.3522852],[60.315254,55.3519693],[60.3157706,55.3522644],[60.3167877,55.3521327],[60.3165989,55.3510567],[60.3155603,55.3499904],[60.3153001,55.3498797],[60.3147481,55.3496449],[60.3142996,55.349873],[60.3136969,55.3495442],[60.3139359,55.3491094],[60.3143376,55.3488704],[60.3150221,55.3485697],[60.3159041,55.3481908],[60.3164003,55.3476318],[60.3172218,55.3477073],[60.3176634,55.3480311],[60.317953,55.3480205],[60.3182613,55.3479462],[60.3177288,55.3464854],[60.3173177,55.3462145],[60.3171869,55.3455292],[60.3172056,55.3448705],[60.3179717,55.3445571],[60.3185696,55.3445464],[60.3190927,55.3447005],[60.3190927,55.3442702],[60.3197235,55.3441575],[60.3200923,55.3442596],[60.3204452,55.3435054],[60.3208771,55.343468],[60.3210494,55.3432413],[60.3213068,55.3432077],[60.3221476,55.3435636],[60.3224478,55.3433991],[60.3232219,55.3435424],[60.3237731,55.3434361],[60.3247623,55.3433916],[60.3250436,55.3437868],[60.3246419,55.3439939],[60.3249969,55.3440789],[60.325464,55.3440736],[60.3263328,55.3442383],[60.3273659,55.3446645],[60.3278836,55.345067],[60.3298053,55.3456256],[60.3299576,55.3457709],[60.3306325,55.3461474],[60.3307118,55.3463127],[60.3316895,55.3465456],[60.3319603,55.3464104],[60.33235,55.3463728],[60.3330437,55.3465644],[60.3335495,55.3463898],[60.3341931,55.3462939],[60.3349462,55.3461399],[60.3353557,55.3461324],[60.3366108,55.3455953],[60.3370402,55.3455239],[60.3370666,55.3454262],[60.3377603,55.3452459],[60.3379056,55.3449905],[60.3384413,55.3447941],[60.3389493,55.3448403],[60.3399328,55.3445127],[60.3402771,55.3443294],[60.3410302,55.344243],[60.3415983,55.3439951],[60.3419484,55.3439838],[60.3427675,55.3437096],[60.3428996,55.3436044],[60.3432035,55.343672],[60.343756,55.3433076],[60.3440621,55.3432157],[60.3441789,55.3431041],[60.3442116,55.3430085],[60.344095,55.3429348],[60.344305,55.3426366],[60.344263,55.3425596],[60.3448936,55.3418875],[60.3457157,55.3415396],[60.3462399,55.3412482],[60.3465938,55.3411677],[60.3472991,55.3408489],[60.3475607,55.3408755],[60.3491442,55.3402114],[60.3495599,55.3399537],[60.349616,55.3396562],[60.3501765,55.3388805],[60.3501952,55.3387742],[60.3487752,55.3390638],[60.3480312,55.3394956],[60.3479905,55.3393613],[60.3486164,55.3385192],[60.3485183,55.3379533],[60.3479531,55.3380516],[60.3477756,55.3383173],[60.3478316,55.3385484],[60.3476261,55.3385909],[60.3474159,55.3383704],[60.3471777,55.338288],[60.3469488,55.3382934],[60.3463369,55.3388486],[60.3460847,55.3388964],[60.3458464,55.3390531],[60.3454961,55.3390053],[60.3452566,55.3390288],[60.3452532,55.3389362],[60.3454354,55.3388592],[60.3455195,55.3386307],[60.3453629,55.3385241],[60.3452859,55.3382854],[60.345016,55.3380631],[60.3440107,55.3377833],[60.3434829,55.3371882],[60.3434549,55.3368774],[60.3433755,55.3368242],[60.343212,55.3367658],[60.3416293,55.3365374],[60.3408231,55.3366287],[60.3404928,55.3363732],[60.3399925,55.3361168],[60.3390131,55.3351334],[60.3391078,55.3348401],[60.3401757,55.333901],[60.3405588,55.3333223],[60.3405207,55.3330522],[60.3401493,55.3326084],[60.3400964,55.332398],[60.3401757,55.3322627],[60.3407456,55.3319408],[60.3412326,55.3317367],[60.3418679,55.3312949],[60.34188,55.3310603],[60.3421046,55.3306244],[60.3426795,55.3299043],[60.3427058,55.3295443],[60.3422761,55.3290502],[60.341943,55.3287911],[60.3413743,55.3285049],[60.3407193,55.328251],[60.3400649,55.3278945],[60.3398503,55.3275128],[60.3393552,55.3272528],[60.3391519,55.3269574],[60.3391958,55.3266885],[60.3393766,55.3265283],[60.3399104,55.3263107],[60.3404093,55.3263214],[60.3406448,55.3259982],[60.3406078,55.325794],[60.3399136,55.325913],[60.3396025,55.3258898],[60.3393777,55.3258273],[60.3393369,55.3256503],[60.3385725,55.3257675],[60.3375967,55.3260159],[60.3375956,55.3258834],[60.3382104,55.3257232],[60.3385714,55.3255315],[60.3389067,55.3255471],[60.3394273,55.3254266],[60.3395575,55.3252305],[60.3402651,55.3246592],[60.3409646,55.3244729],[60.3420714,55.3240145],[60.3418795,55.323713],[60.3403714,55.323813],[60.339655,55.3246511],[60.3388541,55.3247167],[60.3387576,55.3243108],[60.3390778,55.3235981],[60.3391653,55.3235081],[60.3391873,55.3233793],[60.3390462,55.3233186],[60.3390145,55.3232328],[60.339272,55.3231208],[60.3398825,55.3229279],[60.3402907,55.3226968],[60.3406566,55.3225958],[60.3409661,55.3226666],[60.3413228,55.3224564],[60.3411367,55.3223254],[60.3406013,55.3224588],[60.3404613,55.3224286],[60.3402693,55.3221713],[60.3397323,55.3221594],[60.338808,55.3223129],[60.3384392,55.3224799],[60.3379985,55.3225693],[60.3372599,55.3225227],[60.3360507,55.3229963],[60.3349983,55.3232784],[60.3332387,55.3241054],[60.3325702,55.3241908],[60.3317894,55.3250548],[60.3318605,55.3253518],[60.3328584,55.3255524],[60.3335251,55.3258578],[60.3339731,55.3264574],[60.3340311,55.3270949],[60.3335696,55.327561],[60.3325064,55.3280978],[60.3312436,55.3283282],[60.3297351,55.3288282],[60.3285802,55.3289709],[60.3280534,55.329493],[60.3275057,55.3299285],[60.3271415,55.3304164],[60.326833,55.3309861],[60.3259849,55.331229],[60.3250917,55.3316495],[60.324374,55.3314914],[60.3230881,55.3317328],[60.3244732,55.330839],[60.3247543,55.3305275],[60.3246765,55.3300511],[60.324205,55.3290249],[60.3243536,55.3286813],[60.3247656,55.3285131],[60.3248734,55.3281957],[60.3245263,55.328031],[60.3245322,55.327918],[60.3247929,55.3276702],[60.3248439,55.327434],[60.3245912,55.3275436],[60.3244083,55.3275604],[60.3243214,55.3274026],[60.3245376,55.3271072],[60.3248165,55.3268536],[60.325169,55.3266821],[60.3255327,55.3266272],[60.3260069,55.3263406],[60.3269381,55.3265475],[60.327606,55.3265844],[60.328077,55.3264382],[60.3293114,55.3256332],[60.3292368,55.32548],[60.3290002,55.3254855],[60.3279155,55.3262539],[60.327539,55.3259191],[60.3278206,55.3255511],[60.3281521,55.3252816],[60.3287728,55.3251308],[60.3292212,55.3252492],[60.3295034,55.3252715],[60.3301895,55.3250954],[60.3305023,55.324558],[60.3302872,55.3243938],[60.3298698,55.3243388],[60.3297201,55.3240227],[60.3300613,55.3236781],[60.3296751,55.3234232],[60.3298156,55.3233009],[60.3298795,55.3230017],[60.3300382,55.3228055],[60.3299116,55.3227152],[60.3299851,55.3226202],[60.3303193,55.3225656],[60.3308359,55.3221179],[60.3306085,55.3220736],[60.3305243,55.3216353],[60.3300264,55.3219262],[60.3298033,55.3219271],[60.3294948,55.321602],[60.3301386,55.3208961],[60.3299127,55.3207248],[60.3295474,55.3207737],[60.3284305,55.3213167],[60.3275647,55.3223498],[60.3274757,55.3228919],[60.3271656,55.3232026],[60.3268373,55.3229361],[60.3257725,55.3228321],[60.3271989,55.3218667],[60.3276699,55.3217321],[60.3278721,55.3210972],[60.3278716,55.3206812],[60.3277315,55.3205832],[60.3272386,55.3206546],[60.3271758,55.3203274],[60.3270368,55.3203039],[60.3269285,55.3204864],[60.3269934,55.3206632],[60.3261898,55.3211015],[60.3257279,55.3211521],[60.3249447,55.3214763],[60.3242382,55.3219619],[60.3237114,55.3221331],[60.3234861,55.3221291],[60.3235688,55.3217229],[60.3233536,55.321505],[60.3235966,55.3212562],[60.323793,55.3208945],[60.3255579,55.3194075],[60.3257982,55.3194313],[60.3260696,55.3192231],[60.3263786,55.3192255],[60.3269848,55.3195705],[60.3272756,55.3192255],[60.3276189,55.3178941],[60.3272949,55.3177952],[60.3272101,55.3169154],[60.3268345,55.3166464],[60.3256768,55.3168113],[60.324458,55.3177758],[60.3228862,55.3183505],[60.3221661,55.3185422],[60.3200867,55.3196958],[60.3198607,55.3196962],[60.3198083,55.3195736],[60.3199532,55.3192977],[60.3207855,55.3186813],[60.3207987,55.3185572],[60.3206996,55.318452],[60.3204618,55.3184219],[60.3204156,55.318358],[60.3205345,55.3179934],[60.320158,55.3178969],[60.3196163,55.3178619],[60.3188368,55.3178957],[60.3185131,55.3179897],[60.3176125,55.3181054],[60.3173967,55.318031],[60.3173372,55.3178619],[60.3179318,55.3174409],[60.3183395,55.3169259],[60.3188236,55.3168582],[60.319537,55.3166064],[60.320006,55.3167457],[60.3205477,55.3165124],[60.3217707,55.3155017],[60.3220085,55.3150732],[60.3230681,55.3145741],[60.3242842,55.3141841],[60.324453,55.3138386],[60.3245942,55.3137436],[60.3249366,55.3137217],[60.325269,55.3135901],[60.3257007,55.3132768],[60.3256329,55.3131216],[60.3257474,55.3129883],[60.3256275,55.3127697],[60.3257024,55.3126443],[60.3254623,55.3124477],[60.3257105,55.3123313],[60.3258923,55.3123943],[60.3263418,55.3121223],[60.3266111,55.3120207],[60.3266981,55.3118991],[60.3269793,55.3119965],[60.3280125,55.3114091],[60.3280726,55.3111643],[60.3288483,55.3110061],[60.3289599,55.3107875],[60.3296207,55.3108474],[60.3303707,55.3102966],[60.3302237,55.3098576],[60.3311581,55.3093182],[60.3315732,55.3092574],[60.332305,55.3088822],[60.333096,55.3086877],[60.333598,55.3079944],[60.3328137,55.3074594],[60.3330873,55.3071556],[60.3338459,55.3070062],[60.3347803,55.3067392],[60.3354219,55.3067819],[60.3356993,55.3072204],[60.3356526,55.3076561],[60.3352674,55.3079205],[60.3354171,55.3079993],[60.336246,55.3077234],[60.3370119,55.3076693],[60.337791,55.3076454],[60.3380948,55.3077502],[60.3383003,55.3077112],[60.3388847,55.3078283],[60.3395212,55.3077927],[60.3401032,55.3077072],[60.3416347,55.3075881],[60.3418171,55.3076247],[60.3417957,55.3077285],[60.3414738,55.3079728],[60.3414094,55.3080705],[60.3413772,55.3081743],[60.3415596,55.3082048],[60.3421175,55.3080766],[60.3428793,55.3078507],[60.343456,55.3075698],[60.3442526,55.3073469],[60.3443009,55.3071393],[60.3439093,55.3070415],[60.3445452,55.3064048],[60.3458995,55.3060614],[60.3461945,55.3059026],[60.3463662,55.3058416],[60.3464574,55.3058202],[60.3466934,55.3058294],[60.3476375,55.3057988],[60.3479218,55.3056767],[60.3481901,55.305582],[60.3484046,55.3055423],[60.3485334,55.3055301],[60.3486353,55.3055301],[60.3487426,55.3055362],[60.3488445,55.3055576],[60.3488713,55.3056065],[60.3488713,55.3056584],[60.3488606,55.3057164],[60.3488016,55.3058721],[60.3491986,55.3060187],[60.3502554,55.3059912],[60.3504324,55.3060187],[60.3505075,55.3060523],[60.3505558,55.306095],[60.3510922,55.3063149],[60.3513551,55.3063729],[60.3514248,55.3064065],[60.3514677,55.3064584],[60.3515589,55.3064706],[60.3516394,55.30644],[60.351795,55.3062874],[60.3520256,55.3061744],[60.3526694,55.3060126],[60.3532273,55.3057925],[60.3547293,55.30535],[60.3550243,55.3052889],[60.355314,55.3052614],[60.3555071,55.3052462],[60.3559095,55.3052462],[60.3560167,55.3052523],[60.3563011,55.305295],[60.3563976,55.3053103],[60.3565854,55.3053469],[60.3566658,55.3053652],[60.357036,55.305466],[60.3571165,55.3054965],[60.357213,55.3055362],[60.3572774,55.3055729],[60.3573257,55.3056156],[60.357331,55.3056736],[60.3575242,55.3058813],[60.3577441,55.3059332],[60.3577977,55.3059759],[60.3578299,55.3060248],[60.3578299,55.3060797],[60.3578889,55.3061225],[60.3581679,55.3061713],[60.358184,55.3062232],[60.3581625,55.3062782],[60.3581196,55.306321],[60.3577012,55.30655],[60.3576422,55.3065958],[60.35761,55.3067026],[60.3576636,55.3067454],[60.3577602,55.3067576],[60.3579479,55.3067576],[60.3580552,55.306779],[60.3581196,55.3068187],[60.3582108,55.3069652],[60.3582966,55.3069896],[60.3584468,55.306895],[60.3586721,55.3066416],[60.3588653,55.3066141],[60.3589457,55.3065866],[60.3593802,55.3062843],[60.3595787,55.3062507],[60.3601152,55.3062477],[60.3606731,55.3061011],[60.3611773,55.3061164],[60.3615636,55.3061133],[60.361762,55.3060981],[60.3620249,55.3060309],[60.3620464,55.305924],[60.3619444,55.3057652],[60.3621215,55.3056156],[60.3622127,55.3055942],[60.3624004,55.3056034],[60.3628081,55.3057286],[60.3636557,55.3059149],[60.3638649,55.3059393],[60.3641572,55.3059419],[60.3644657,55.3058996],[60.3647447,55.3058446],[60.3649539,55.3058294],[60.3653777,55.3058385],[60.3655654,55.3058752],[60.3656416,55.3059084],[60.3667295,55.3057133],[60.3669226,55.3057133],[60.3672069,55.3057561],[60.3673088,55.30575],[60.3675278,55.3056232],[60.3677916,55.3055851],[60.3679848,55.305582],[60.3682798,55.3055332],[60.3683764,55.305524],[60.3686768,55.3055026],[60.3690362,55.3054996],[60.3691328,55.3054874],[60.3692293,55.3054843],[60.369578,55.3054843],[60.3697175,55.3054874],[60.3699428,55.3055149],[60.3700501,55.3055484],[60.3701091,55.3057225],[60.3702271,55.3057683],[60.3702486,55.3058171],[60.3703451,55.3059118],[60.3705007,55.3059729],[60.3706348,55.3060492],[60.3707474,55.3061378],[60.3708333,55.3062416],[60.3709567,55.306324],[60.3710264,55.3063576],[60.3714341,55.3064889],[60.3715306,55.3065042],[60.3717229,55.3065032],[60.3720242,55.3065439],[60.3720885,55.3065774],[60.3721315,55.3066263],[60.3721288,55.3067774],[60.372287,55.3068431],[60.3724909,55.3068461],[60.3726786,55.3068064],[60.372743,55.3067667],[60.3728503,55.3066629],[60.3729469,55.3066721],[60.37314,55.3067942],[60.3733009,55.3068614],[60.3733921,55.3068828],[60.3736764,55.3069225],[60.37395,55.3069774],[60.3742397,55.3069744],[60.3743416,55.3069896],[60.3744703,55.307066],[60.3745401,55.3072125],[60.3745294,55.3072675],[60.3744757,55.3073744],[60.3744167,55.3074721],[60.3743684,55.3075118],[60.3742289,55.3075789],[60.3738856,55.3076553],[60.3737032,55.3076705],[60.3732365,55.3076797],[60.3731722,55.3077163],[60.3736389,55.3078201],[60.3737086,55.3078568],[60.373714,55.3079087],[60.3739017,55.3080705],[60.3738642,55.308327],[60.3740144,55.3083911],[60.3741056,55.308385],[60.3741753,55.3083453],[60.3741753,55.3086201],[60.3742236,55.3086659],[60.3744221,55.3086628],[60.3745454,55.3087147],[60.3745723,55.3087666],[60.374583,55.3088185],[60.374583,55.3088704],[60.3744864,55.3090353],[60.374406,55.309133],[60.3742933,55.3092582],[60.3741699,55.3093437],[60.3737676,55.3094811],[60.3734887,55.3095482],[60.3732741,55.3096215],[60.3732258,55.3096612],[60.3732848,55.3097039],[60.3732671,55.3097543],[60.373258,55.3098963],[60.3735423,55.3101283],[60.3734672,55.3105161],[60.3733921,55.3105527],[60.373435,55.3105985],[60.3735316,55.3106015],[60.3737998,55.3105405],[60.3743684,55.3105527],[60.3744596,55.3105802],[60.3745025,55.3107389],[60.3745025,55.3108092],[60.3744972,55.3108611],[60.3744167,55.3108977],[60.3743362,55.310913],[60.3740573,55.3109526],[60.3738749,55.3109557],[60.3735959,55.3110076],[60.3735101,55.3110351],[60.3733492,55.3111694],[60.3732848,55.3112824],[60.3732526,55.311493],[60.3732151,55.3116029],[60.3736657,55.3116762],[60.3737498,55.3116996],[60.3737891,55.3117159],[60.3739876,55.311722],[60.3741538,55.3117708],[60.3743416,55.3117983],[60.3745133,55.3118472],[60.374701,55.3118716],[60.3747922,55.3119021],[60.3748244,55.311954],[60.3756452,55.3120059],[60.3757417,55.3120273],[60.3757685,55.3121311],[60.3758275,55.3121708],[60.3759241,55.3121677],[60.3760099,55.3121433],[60.3761119,55.3120548],[60.3761387,55.3120029],[60.3762245,55.3119815],[60.3763211,55.3119845],[60.3765035,55.3120212],[60.3767019,55.3120395],[60.3767878,55.3120578],[60.3770399,55.3122105],[60.3771204,55.3122349],[60.3773189,55.3122349],[60.3774847,55.3123478],[60.3784347,55.3127172],[60.3786278,55.3127325],[60.3789121,55.3127325],[60.3790086,55.3127203],[60.3793466,55.3126287],[60.3794378,55.3125951],[60.3795773,55.3125096],[60.3796685,55.3124883],[60.3803283,55.3125768],[60.3804249,55.3125707],[60.380516,55.3125493],[60.3808325,55.3125158],[60.3813046,55.312415],[60.3814723,55.3123616],[60.3817874,55.3122044],[60.3818411,55.3121616],[60.3820932,55.3120822],[60.3821737,55.3121067],[60.3822166,55.3122257],[60.3822702,55.3122654],[60.3823721,55.3122685],[60.3825492,55.3122959],[60.382635,55.3122685],[60.382694,55.3122257],[60.3830749,55.3121006],[60.3832143,55.312009],[60.3833109,55.3119052],[60.3833163,55.3117861],[60.3832251,55.3116854],[60.383268,55.3116365],[60.3833699,55.3116335],[60.3835791,55.3116426],[60.3836596,55.311664],[60.3837401,55.3116945],[60.3838742,55.3117739],[60.3842282,55.3118838],[60.3843248,55.3119021],[60.3846413,55.3119021],[60.3847325,55.3118869],[60.3848773,55.3118105],[60.385226,55.311667],[60.3855693,55.3116212],[60.3863954,55.3118777],[60.3866851,55.3120059],[60.3868782,55.3120578],[60.3869855,55.3120731],[60.3870714,55.3121036],[60.3871679,55.3121158],[60.3874683,55.3120487],[60.3879011,55.3120117],[60.3879726,55.3121738],[60.3877151,55.3123875],[60.3876615,55.3124272],[60.3871143,55.3128088],[60.3870553,55.3128546],[60.3870124,55.3129096],[60.3869802,55.3129615],[60.3869265,55.3131355],[60.3869104,55.3132545],[60.3870285,55.31334],[60.3870499,55.3133889],[60.3870338,55.3134957],[60.3869212,55.3137888],[60.3867924,55.313859],[60.3867066,55.3138834],[60.3864223,55.3138834],[60.386036,55.3139017],[60.385859,55.314091],[60.3858107,55.3141918],[60.3858215,55.3142498],[60.3858805,55.3142894],[60.3860629,55.3143352],[60.386197,55.3144177],[60.3863472,55.3146161],[60.3863525,55.3146649],[60.386315,55.3147107],[60.3862345,55.3147321],[60.3859609,55.3147229],[60.3858805,55.3147535],[60.3858536,55.3148054],[60.3858697,55.3148603],[60.3859717,55.3149488],[60.386036,55.3150557],[60.3860897,55.3151015],[60.3860897,55.3151564],[60.3860575,55.3152083],[60.3858912,55.3152419],[60.3857464,55.3153121],[60.385623,55.3154586],[60.3856015,55.3155563],[60.3856283,55.3156571],[60.3857088,55.3158158],[60.3859234,55.3159989],[60.386138,55.3161058],[60.3862935,55.3163042],[60.3863472,55.3165179],[60.3864437,55.3167255],[60.3863901,55.3169361],[60.386315,55.3169666],[60.3860307,55.3170063],[60.3858644,55.3170551],[60.3860081,55.3172132],[60.3862506,55.3172749],[60.3863418,55.3172749],[60.3864276,55.3172902],[60.386492,55.3173238],[60.3865778,55.3174214],[60.3865939,55.3176794],[60.3868219,55.3177572],[60.3869104,55.3178671],[60.387302,55.3180747],[60.3875381,55.3181373],[60.3878573,55.3183433],[60.3880477,55.3184807],[60.3887397,55.3187767],[60.3886592,55.3191583],[60.3890133,55.3194269],[60.3889087,55.3195505],[60.38867,55.3197398],[60.3884742,55.3196909],[60.3880987,55.3195932],[60.3879806,55.3195383],[60.3878626,55.3196406],[60.3878251,55.3197153],[60.3879136,55.3198939],[60.3878546,55.3201274],[60.3874388,55.3201915],[60.3871009,55.3200923],[60.3866717,55.3200435],[60.3862828,55.3199397],[60.3859502,55.3196711],[60.3856659,55.3194818],[60.3855532,55.3195185],[60.3853869,55.3194788],[60.3853118,55.3195124],[60.3852153,55.3195246],[60.3850275,55.3195246],[60.3849471,55.319552],[60.3849685,55.3196039],[60.3850597,55.3196222],[60.3851241,55.3196589],[60.385285,55.319842],[60.3852582,55.3200526],[60.3851777,55.3201472],[60.3850973,55.3201625],[60.3849149,55.3201503],[60.3845447,55.3201503],[60.3841639,55.3201717],[60.3840673,55.3202022],[60.3840244,55.3202449],[60.3839493,55.3202724],[60.383445,55.3203792],[60.3832948,55.3204433],[60.3831071,55.3204555],[60.3829247,55.320425],[60.3826457,55.320422],[60.3825545,55.3204281],[60.3823882,55.3204708],[60.3824311,55.3201625],[60.3823882,55.3200038],[60.3823507,55.319958],[60.3820395,55.3198512],[60.3817552,55.3198695],[60.3815728,55.3198573],[60.3813958,55.3198786],[60.3813261,55.3199061],[60.3811705,55.3200252],[60.3809023,55.3199641],[60.3807306,55.3199153],[60.380559,55.3197901],[60.3802371,55.3196314],[60.3787994,55.3191033],[60.3785849,55.3189904],[60.3785688,55.3188805],[60.3783059,55.3188286],[60.378094,55.318809],[60.3779358,55.3188103],[60.377571,55.3187737],[60.3770292,55.3186638],[60.3765625,55.318618],[60.3763103,55.3183952],[60.3761655,55.3183311],[60.3760797,55.3183219],[60.375967,55.318325],[60.3753126,55.318557],[60.3749907,55.3187493],[60.3748995,55.3187706],[60.3747225,55.3187798],[60.3746581,55.3188195],[60.3746581,55.3190331],[60.3747386,55.3191247],[60.3748512,55.3192041],[60.3752804,55.3193109],[60.3754896,55.3194299],[60.3758275,55.3195307],[60.3762191,55.3196833],[60.3766537,55.3201045],[60.3766698,55.3201595],[60.3765951,55.3202493],[60.3767127,55.3204281],[60.3769273,55.3205318],[60.3770077,55.3206234],[60.3770989,55.3208371],[60.3771204,55.3211057],[60.3773135,55.3212583],[60.3775656,55.3213407],[60.3776085,55.3213895],[60.3776085,55.3214445],[60.3774717,55.3215559],[60.3774852,55.3216398],[60.3772974,55.3216612],[60.3773349,55.3218351],[60.3774261,55.3219328],[60.377512,55.3219511],[60.3775924,55.3219236],[60.3776944,55.321942],[60.3775442,55.322119],[60.3775227,55.3221739],[60.3775334,55.3222807],[60.3776836,55.322531],[60.3777373,55.3225707],[60.3779626,55.3226623],[60.3780967,55.3227477],[60.3783649,55.3227905],[60.3784507,55.322824],[60.3784829,55.3228698],[60.3790301,55.3232788],[60.3791857,55.3234253],[60.3791749,55.3236878],[60.3792822,55.3239472],[60.3794539,55.3240693],[60.3795505,55.3240571],[60.3796309,55.3240265],[60.3804034,55.3240571],[60.3805804,55.3240845],[60.3806984,55.3241761],[60.3808486,55.3242493],[60.3810471,55.3242768],[60.381133,55.3243195],[60.3811973,55.3244172],[60.3813475,55.3244935],[60.3814119,55.3245545],[60.3815621,55.3246278],[60.381605,55.3246766],[60.3816211,55.324759],[60.3821897,55.3248384],[60.3825438,55.3249391],[60.3827316,55.3249299],[60.3830212,55.3248841],[60.3833216,55.3248628],[60.3841639,55.3249665],[60.3849256,55.3249238],[60.3851348,55.3249543],[60.3862452,55.3250367],[60.3863472,55.3250489],[60.3863954,55.3250947],[60.3864276,55.3251954],[60.38661,55.3253785],[60.3867066,55.3253785],[60.3871626,55.3251191],[60.3872538,55.3251008],[60.3875542,55.3251008],[60.3878546,55.3251283],[60.3880101,55.3251802],[60.3881442,55.3252626],[60.388214,55.3254182],[60.3881121,55.325699],[60.3881603,55.3257814],[60.388332,55.3257967],[60.3885412,55.3257356],[60.3889221,55.3257509],[60.3890455,55.3258302],[60.3891849,55.3262483],[60.3891313,55.3265138],[60.3888041,55.3269197],[60.3884929,55.327112],[60.3883427,55.3271761],[60.3881818,55.3272219],[60.3879082,55.3272341],[60.387817,55.3272188],[60.387758,55.3271822],[60.3876775,55.3271669],[60.387581,55.32717],[60.3873718,55.3273531],[60.387243,55.3274355],[60.3870177,55.3275209],[60.3867388,55.3275789],[60.3865027,55.327582],[60.3862399,55.3275575],[60.3856552,55.3273866],[60.385462,55.3273927],[60.3853869,55.3274172],[60.3853387,55.3274629],[60.3852099,55.3277742],[60.3850168,55.3278841],[60.384931,55.3279115],[60.3846681,55.3279787],[60.384475,55.3280061],[60.3843838,55.3280061],[60.3842121,55.3279604],[60.3841209,55.3279604],[60.3840458,55.3280672],[60.3839654,55.3280885],[60.3838742,55.3280855],[60.3837776,55.328055],[60.3837401,55.3280092],[60.3836757,55.3279756],[60.3835791,55.3279848],[60.3835201,55.3280275],[60.383504,55.3281282],[60.3834182,55.3282167],[60.3825009,55.3286226],[60.3824151,55.3286348],[60.3822541,55.3286867],[60.3820288,55.3288576],[60.3810954,55.3291047],[60.3803819,55.3292177],[60.3801781,55.3292756],[60.3800386,55.3293428],[60.3793842,55.330127],[60.3794163,55.3302552],[60.3793573,55.3304413],[60.3793788,55.330597],[60.3792769,55.3306763],[60.3791696,55.3308136],[60.3791588,55.3308685],[60.379293,55.3312317],[60.379293,55.3313934],[60.3795719,55.3316863],[60.3795987,55.3317382],[60.3795934,55.3317931],[60.3796577,55.3318328],[60.3800118,55.3317473],[60.380103,55.3317565],[60.3804839,55.3316405],[60.3805482,55.3315978],[60.3806394,55.3315795],[60.3808325,55.3315887],[60.3810042,55.331546],[60.3815031,55.3314941],[60.3816962,55.3315154],[60.3818625,55.3315612],[60.3819591,55.3315551],[60.3821039,55.3314849],[60.3822541,55.3312774],[60.3823399,55.3312469],[60.3827208,55.33125],[60.3828174,55.3312713],[60.3829247,55.3313629],[60.383032,55.3315154],[60.3831875,55.3316344],[60.383268,55.3316619],[60.3833592,55.3316528],[60.3840619,55.3313476],[60.3841907,55.3312591],[60.3843248,55.3311188],[60.3846413,55.330957],[60.3848398,55.3309235],[60.3853279,55.3308777],[60.3855264,55.3308411],[60.3856176,55.3308411],[60.3858,55.3308838],[60.3861219,55.3309997],[60.3862345,55.3310852],[60.3863096,55.331192],[60.3863847,55.3313995],[60.3863472,55.3316131],[60.3860521,55.3318633],[60.3859824,55.331903],[60.3858322,55.3320983],[60.3858,55.3321929],[60.3856444,55.3323271],[60.3853869,55.3324766],[60.3850651,55.3325987],[60.3845394,55.3326811],[60.384475,55.3327207],[60.3844428,55.3328794],[60.3842819,55.3330167],[60.3842014,55.3331113],[60.3841907,55.3331601],[60.383783,55.3333249],[60.3835791,55.3335019],[60.3833431,55.3335873],[60.3833216,55.3336361],[60.3834182,55.3339992],[60.383386,55.3341091],[60.3832251,55.3342952],[60.3833002,55.3343898],[60.3833109,55.3345454],[60.3840512,55.3349115],[60.3840887,55.3349604],[60.3842926,55.3350671],[60.3844374,55.3352624],[60.3844696,55.3355279],[60.3845072,55.3355736],[60.3845715,55.3356102],[60.3850329,55.335717],[60.385108,55.3357475],[60.3851724,55.3357872],[60.3853548,55.3360313],[60.3854352,55.336071],[60.3855264,55.3360862],[60.3855854,55.336132],[60.3855854,55.3362357],[60.3855318,55.3363791],[60.3852099,55.3365408],[60.3851187,55.3365439],[60.3849471,55.3365835],[60.3844911,55.3367666],[60.3842336,55.3368307],[60.3840244,55.3369314],[60.3839957,55.3369786],[60.3839546,55.3370015],[60.3839976,55.3370473],[60.3840806,55.3370764],[60.3842291,55.3371073],[60.3843194,55.3371083],[60.3845984,55.3370503],[60.3852957,55.3369466],[60.3854835,55.3369344],[60.3856766,55.3369466],[60.3856391,55.3370503],[60.3857142,55.3370839],[60.3859073,55.3370442],[60.3859985,55.3370503],[60.3859985,55.3371022],[60.3859234,55.3372029],[60.3857571,55.3373219],[60.3857678,55.3373798],[60.3858536,55.3374714],[60.3858429,55.3378589],[60.3858,55.3380663],[60.3856981,55.3382189],[60.3856766,55.3383226],[60.3857356,55.3386155],[60.3856981,55.338829],[60.3856337,55.3389846],[60.3856498,55.3390395],[60.3858322,55.3392317],[60.3857785,55.3393873],[60.3858322,55.3394331],[60.3858966,55.3394758],[60.3859878,55.339485],[60.3860897,55.3395216],[60.3861111,55.3395795],[60.3865832,55.3398816],[60.3865993,55.3399395],[60.3866583,55.3399853],[60.3868461,55.3399853],[60.3869319,55.3400036],[60.3870338,55.3400951],[60.3871036,55.3401287],[60.3872001,55.3401287],[60.3873396,55.3400494],[60.3874308,55.3400341],[60.3874952,55.3399975],[60.3876185,55.339848],[60.3877848,55.339787],[60.387978,55.3397595],[60.3880745,55.3397595],[60.3884017,55.3398053],[60.3885037,55.3397077],[60.3885788,55.3396741],[60.3895175,55.3393721],[60.3895765,55.3393294],[60.3914809,55.3387772],[60.3915775,55.3387772],[60.3917706,55.3387497],[60.3918242,55.338704],[60.3919744,55.3386368],[60.3920817,55.3386216],[60.3922427,55.3386734],[60.3922963,55.3387192],[60.3923178,55.3387711],[60.3923982,55.3388046],[60.3926772,55.3385819],[60.3930044,55.3384629],[60.3933102,55.338466],[60.3933853,55.3385026],[60.3933585,55.3387131],[60.3931278,55.3390029],[60.3932029,55.3390304],[60.3934926,55.3389999],[60.3937018,55.3389999],[60.3937662,55.3390365],[60.3937447,55.3391402],[60.3937018,55.339186],[60.3935033,55.3392867],[60.393219,55.3394026],[60.3929669,55.3395612],[60.3929239,55.3396039],[60.3928971,55.3397595],[60.3925002,55.3398816],[60.3923285,55.3399182],[60.392071,55.3400128],[60.3918672,55.3401134],[60.3917545,55.3402568],[60.3916848,55.3402843],[60.3914916,55.3403117],[60.3914112,55.3403483],[60.3913414,55.3404429],[60.391261,55.3404704],[60.3909874,55.340507],[60.3909606,55.3406107],[60.3900915,55.3411842],[60.3891152,55.3416662],[60.3889865,55.3417547],[60.3889543,55.3418005],[60.388965,55.3419042],[60.3890616,55.3420018],[60.3891152,55.3421025],[60.3890991,55.3423648],[60.3891796,55.3427889],[60.3891635,55.3428407],[60.3888577,55.3429887],[60.3887746,55.3429826],[60.3887129,55.3429429],[60.3885975,55.3429841],[60.3883293,55.343039],[60.3881979,55.3431107],[60.3876668,55.3432556],[60.3874871,55.3432693],[60.3873664,55.3432373],[60.3871948,55.3432647],[60.3871787,55.3432891],[60.3872189,55.3435652],[60.3874817,55.3436781],[60.3875622,55.3437727],[60.3876078,55.3437833],[60.3878009,55.3437696],[60.3878465,55.3437818],[60.3879967,55.3439221],[60.3882945,55.3440045],[60.3885868,55.3440182],[60.388788,55.3441341],[60.3888094,55.344157],[60.3887907,55.3442058],[60.3887156,55.3442317],[60.3884795,55.3442012],[60.3881174,55.3442119],[60.3879914,55.3442928],[60.3876185,55.3443919],[60.3874791,55.3444682],[60.3874576,55.344491],[60.387471,55.3445444],[60.387589,55.3445886],[60.3876454,55.3446664],[60.3876293,55.3447152],[60.3875649,55.3447518],[60.3872833,55.3447778],[60.3870258,55.3448357],[60.3865537,55.3450493],[60.3862882,55.3451316],[60.3861594,55.3451545],[60.385969,55.3451514],[60.3856578,55.3450981],[60.3854755,55.3449745],[60.3854406,55.3449227],[60.3854567,55.344732],[60.3854218,55.3445902],[60.3853253,55.3445215],[60.3850946,55.3445597],[60.3849122,55.3445597],[60.384821,55.3445551],[60.3846493,55.3445154],[60.3843114,55.3442577],[60.3841451,55.3439969],[60.3839654,55.3439298],[60.3836596,55.3438886],[60.3835711,55.3438276],[60.3831661,55.3438352],[60.3830829,55.3438565],[60.3829971,55.3438596],[60.3826269,55.3440701],[60.382525,55.3441494],[60.3824472,55.3441784],[60.3823131,55.3441967],[60.3822648,55.344189],[60.382171,55.3441326],[60.3820851,55.3441402],[60.3819993,55.3441631],[60.3819054,55.3442226],[60.381656,55.3442699],[60.3811249,55.3444438],[60.3808889,55.3444849],[60.3806099,55.3444316],[60.3804946,55.3443309],[60.380272,55.3442912],[60.38017,55.3441997],[60.3801352,55.3440899],[60.3800601,55.3440228],[60.3798938,55.3439252],[60.3787994,55.3436659],[60.3780404,55.3435027],[60.3777453,55.3435378],[60.3774047,55.3436628],[60.3768817,55.3437666],[60.3767046,55.3437635],[60.3766698,55.3437452],[60.3766403,55.343762],[60.3765973,55.3438093],[60.3765517,55.3439481],[60.3765169,55.3439725],[60.3764337,55.3439877],[60.3763318,55.3441036],[60.3762245,55.3441524],[60.3762084,55.3441814],[60.376246,55.3441951],[60.3761628,55.3443461],[60.3758249,55.3447656],[60.3757605,55.3448723],[60.3756613,55.3449608],[60.375503,55.3450386],[60.3753743,55.3450798],[60.37498,55.3451026],[60.3748351,55.3451011],[60.3744489,55.3450218],[60.3741726,55.3450432],[60.3739527,55.345092],[60.3737113,55.3452048],[60.3736264,55.345374],[60.3735909,55.3454372],[60.3736462,55.3455397],[60.3737134,55.3456402],[60.3737452,55.3457273],[60.3737275,55.3457903],[60.3737323,55.3458479],[60.3737676,55.3459424],[60.3737735,55.3459746],[60.3738489,55.3460691],[60.3739986,55.3461609],[60.3740575,55.3461897],[60.3741742,55.3461481],[60.3743556,55.3461374],[60.3744805,55.3461408],[60.3746502,55.3462272],[60.3747869,55.3462835],[60.3748058,55.3463364],[60.374926,55.3463726],[60.3750049,55.3464108],[60.3751687,55.3464463],[60.3752701,55.3464289],[60.375653,55.3464483],[60.3763836,55.3467719],[60.3771201,55.3470252],[60.3774996,55.3472034],[60.3778248,55.3474071],[60.3780982,55.3475706],[60.3783362,55.3479753],[60.3785884,55.348049],[60.3787322,55.348238],[60.3787557,55.3484256],[60.3789749,55.3485864],[60.3792177,55.348711],[60.3794463,55.3489723],[60.3794439,55.3492055],[60.3792907,55.3493703],[60.3791611,55.3494225],[60.3789702,55.3494333],[60.3788712,55.3494145],[60.3787652,55.349456],[60.3787887,55.3496503],[60.3787204,55.3497026],[60.3786191,55.3497374],[60.3785625,55.349921],[60.3785106,55.3499451],[60.3786285,55.3501019],[60.3786827,55.3502439],[60.3787958,55.3503994],[60.3788453,55.3505334],[60.3789443,55.3506848],[60.3791163,55.3507612],[60.3792318,55.3508952],[60.3793544,55.3509514],[60.3795406,55.3509568],[60.3799436,55.3510854],[60.3803089,55.351257],[60.3806341,55.3513789],[60.3809004,55.3514727],[60.3810677,55.3516495],[60.3812539,55.3516027],[60.3814849,55.3515611],[60.381565,55.3515115],[60.3819421,55.351399],[60.3821778,55.3514325],[60.3823263,55.3514821],[60.3823734,55.3515357],[60.3824253,55.3515759],[60.3825478,55.3515531],[60.3826232,55.3515517],[60.3826609,55.3516201],[60.3827811,55.3516361],[60.3829697,55.3515236],[60.3832619,55.3513869],[60.38372,55.3511095],[60.3843436,55.3510779],[60.3847486,55.3509879],[60.3849229,55.3509879],[60.3851107,55.3510443],[60.3852287,55.3508949],[60.3856605,55.3506341],[60.3857356,55.3505335],[60.3859073,55.3503947],[60.3860521,55.3503093],[60.3859529,55.3501248],[60.3860146,55.3495819],[60.3861567,55.3494461],[60.3862452,55.3492418],[60.3862345,55.3490725],[60.3862882,55.3488895],[60.3862935,55.3487233],[60.3861192,55.3484655],[60.3860307,55.3484518],[60.3859019,55.3483146],[60.3858107,55.34831],[60.3857464,55.3482734],[60.3857034,55.3482719],[60.3856149,55.3482856],[60.3854755,55.3483542],[60.3854299,55.3483527],[60.3853762,55.3483115],[60.3853467,55.3482307],[60.3853708,55.3480995],[60.3856632,55.3478677],[60.3858831,55.3477854],[60.3862292,55.3477488],[60.3865376,55.3477823],[60.3866503,55.3478082],[60.3868943,55.3479165],[60.3872243,55.3479302],[60.3872913,55.347918],[60.3874898,55.3478372],[60.3877687,55.3477838],[60.3879163,55.3477762],[60.3880718,55.3478326],[60.3882542,55.3479485],[60.3884232,55.3479531],[60.3884661,55.3480278],[60.388509,55.34804],[60.3887343,55.3479958],[60.3888094,55.3479226],[60.3888497,55.3479089],[60.388914,55.3479074],[60.3892413,55.3478281],[60.3894827,55.3478082],[60.3896168,55.3477732],[60.3896677,55.3477732],[60.3896946,55.3478235],[60.3897858,55.3477579],[60.3898662,55.3476634],[60.3900191,55.3475932],[60.3901237,55.3475673],[60.3902686,55.3475718],[60.3902981,55.3475932],[60.3903142,55.3476466],[60.3902981,55.3477808],[60.3903437,55.3477777],[60.3904134,55.3477472],[60.3907835,55.3477137],[60.3908586,55.3476771],[60.3909364,55.3476008],[60.3910625,55.3475505],[60.391143,55.3474498],[60.3913575,55.3473736],[60.3914595,55.3473751],[60.391489,55.3474239],[60.3915372,55.3474163],[60.3915587,55.3473812],[60.3915453,55.3473522],[60.3917196,55.34725],[60.391843,55.3469191],[60.3919771,55.3468367],[60.3920576,55.3466553],[60.3925163,55.346489],[60.3931895,55.3463716],[60.3934175,55.3463746],[60.3934926,55.3464021],[60.3936562,55.3465836],[60.3938627,55.3467254],[60.393911,55.3467208],[60.39408,55.3466217],[60.3941551,55.3465027],[60.394308,55.3464372],[60.3943562,55.3464311],[60.3944743,55.3464753],[60.3946593,55.3465043],[60.3946781,55.3464799],[60.3946647,55.3463426],[60.3947908,55.3462968],[60.395059,55.3463197],[60.3952923,55.3462907],[60.3955525,55.3463014],[60.3961158,55.3459842],[60.396207,55.3459628],[60.3962982,55.345972],[60.3963304,55.3459933],[60.3963438,55.3461459],[60.3961453,55.3462526],[60.3960675,55.3464006],[60.3960836,55.3464539],[60.3961426,55.3464966],[60.3961748,55.3465744],[60.3959924,55.3467422],[60.3959012,55.3467986],[60.3959441,55.3468703],[60.3959548,55.346945],[60.3959909,55.3469622],[60.3960755,55.3469801],[60.3962821,55.3468291],[60.3964993,55.3465073],[60.3967032,55.3464021],[60.3967729,55.3463029],[60.3967729,55.346277],[60.3966334,55.3461855],[60.3966281,55.3461032],[60.3967059,55.3459979],[60.3966925,55.3459461],[60.3965181,55.3459674],[60.3964993,55.3460437],[60.3964645,55.3460589],[60.3964108,55.3460193],[60.3964296,55.3459369],[60.3965369,55.345821],[60.396612,55.3457829],[60.3967112,55.3457722],[60.3968587,55.3458179],[60.3970546,55.3456532],[60.3971967,55.3456151],[60.3973818,55.3454641],[60.3974622,55.3454519],[60.3976232,55.3454794],[60.3976393,55.3455312],[60.3977144,55.3455587],[60.3978807,55.3454336],[60.3979477,55.3452811],[60.3978512,55.3452292],[60.3975588,55.3453878],[60.3975159,55.3453726],[60.3974542,55.3452735],[60.3973603,55.345214],[60.3970009,55.3450828],[60.3969446,55.3449791],[60.3969634,55.3448876],[60.3971109,55.3447869],[60.3981167,55.344459],[60.3984386,55.3442684],[60.3987068,55.3442745],[60.3987712,55.3442363],[60.3988141,55.3440899],[60.3986236,55.3439709],[60.3985807,55.3438931],[60.3986987,55.3434783],[60.399262,55.3429627],[60.3995195,55.3428026],[60.4001015,55.3425692],[60.4002625,55.3426531],[60.4002705,55.3427584],[60.4006085,55.3427919],[60.4013729,55.3426165],[60.4015097,55.3426394],[60.4015714,55.3427385],[60.4015955,55.3428788],[60.401684,55.3430024],[60.4017377,55.3432556],[60.4018316,55.3433715],[60.4019093,55.3434005],[60.4024619,55.3434371],[60.402765,55.3435728],[60.402934,55.3436171],[60.4035187,55.3435561],[60.4040015,55.3436506],[60.404216,55.3437543],[60.4043716,55.3436994],[60.4044306,55.3436293],[60.4047981,55.343489],[60.4048866,55.3434874],[60.4050019,55.343521],[60.405128,55.3432937],[60.4051039,55.3430375],[60.4051387,55.3429887],[60.4052219,55.3430176],[60.4052755,55.3429841],[60.4052755,55.3428575],[60.4051575,55.3426516],[60.4050207,55.3425082],[60.4048088,55.3424457],[60.4045218,55.3424579],[60.4040202,55.3423633],[60.4035482,55.3423908],[60.4034516,55.3422962],[60.4034114,55.3421406],[60.4035804,55.3419347],[60.4036877,55.3418828],[60.4038969,55.3418401],[60.4045433,55.341834],[60.4046345,55.3418523],[60.4047391,55.3419423],[60.4049537,55.3420399],[60.4059595,55.3420628],[60.4060319,55.342136],[60.4061633,55.3421726],[60.4065013,55.3421833],[60.4067829,55.3421482],[60.4072335,55.3421864],[60.407424,55.3421284],[60.4076681,55.3417486],[60.4078048,55.3416464],[60.4078907,55.3416312],[60.4081079,55.34168],[60.4081884,55.3416586],[60.4083681,55.3413398],[60.4082394,55.3410805],[60.4080301,55.3409615],[60.4077512,55.3409158],[60.4073703,55.3409066],[60.4071343,55.340812],[60.4068661,55.3404765],[60.4068553,55.340266],[60.4065281,55.3401287],[60.4062492,55.3398556],[60.4062223,55.3397519],[60.4059675,55.3395582],[60.4059327,55.3394819],[60.4057905,55.3394926],[60.405651,55.3395978],[60.4054633,55.3396055],[60.4053828,55.3397656],[60.4048839,55.3397412],[60.4047579,55.3397016],[60.4046077,55.3397168],[60.4045942,55.3396924],[60.4047069,55.3396497],[60.405179,55.3395841],[60.4053533,55.3395338],[60.4055089,55.3394331],[60.4055572,55.3393904],[60.4055893,55.3392607],[60.4055196,55.3389984],[60.4056966,55.3390807],[60.4058763,55.3391128],[60.4062518,55.339128],[60.4063457,55.3391814],[60.4068151,55.3390853],[60.4070592,55.3391463],[60.4077807,55.339427],[60.4079711,55.3394484],[60.4086149,55.3393995],[60.4087141,55.3394529],[60.4087329,55.3395307],[60.4086336,55.3397092],[60.4087248,55.3398343],[60.4088911,55.3399243],[60.4094222,55.3398389],[60.4103073,55.3399426],[60.4107687,55.3399045],[60.4114071,55.3399365],[60.4115519,55.3399685],[60.4121393,55.3398328],[60.4124022,55.3397367],[60.4129118,55.3395262],[60.41307,55.339398],[60.4133892,55.3392607],[60.4135475,55.3392317],[60.4139149,55.3392577],[60.4140624,55.3392089],[60.4141214,55.3390884],[60.414446,55.3388412],[60.4146847,55.3386017],[60.4147464,55.3383653],[60.414505,55.3380572],[60.4138371,55.3375721],[60.413754,55.3374729],[60.413577,55.3374393],[60.4134241,55.3373326],[60.4134107,55.3372304],[60.4137486,55.3371144],[60.4137433,55.3370427],[60.4135528,55.3370244],[60.4132524,55.337058],[60.4131451,55.3369695],[60.4131478,55.3368642],[60.4133195,55.3368169],[60.4134777,55.3367208],[60.413475,55.33655],[60.4138827,55.3363364],[60.4138452,55.3362083],[60.4138157,55.3361869],[60.4136628,55.3361777],[60.4134724,55.3357491],[60.4133034,55.3356087],[60.4134133,55.3354897],[60.413357,55.3354455],[60.4132336,55.3354134],[60.4132014,55.3352258],[60.4133463,55.3351221],[60.4135528,55.335029],[60.4136601,55.33509],[60.4137459,55.3350702],[60.4137272,55.3350214],[60.4136199,55.3349436],[60.4138908,55.3347285],[60.4138935,55.3346766],[60.4137969,55.3345576],[60.4136977,55.3343074],[60.4137647,55.3341915],[60.4138586,55.3341243],[60.4140329,55.3340648],[60.4140544,55.3339916],[60.4139927,55.3339535],[60.4136574,55.3339138],[60.4136306,55.3338695],[60.413931,55.3338085],[60.4141644,55.3337261],[60.4147035,55.3334561],[60.4149395,55.3332974],[60.4151863,55.3332364],[60.415256,55.3330838],[60.4154599,55.3329801],[60.4154974,55.3328764],[60.4157335,55.3326017],[60.4157227,55.33244],[60.4156583,55.3322844],[60.4155242,55.3320891],[60.4153848,55.3319579],[60.4154062,55.3318511],[60.4155242,55.3317718],[60.4156154,55.3317443],[60.4163981,55.3315838],[60.4169565,55.3314453],[60.4170477,55.3314514],[60.4171765,55.3315246],[60.4172516,55.3316833],[60.417375,55.3317687],[60.4180026,55.3320403],[60.4180992,55.3320525],[60.4187751,55.3320433],[60.4192901,55.3318114],[60.4195529,55.3317657],[60.4197353,55.3317626],[60.4210174,55.3322905],[60.4213017,55.3323302],[60.4217523,55.3323454],[60.421865,55.3321806],[60.4222995,55.331967],[60.4227662,55.331903],[60.4236567,55.33208],[60.4238766,55.3322478],[60.4239249,55.3324034],[60.4235709,55.3329313],[60.4236138,55.3330411],[60.4237318,55.3331144],[60.4237693,55.3332181],[60.4238391,55.3332517],[60.4238713,55.3333585],[60.4239249,55.3334012],[60.4244238,55.3335446],[60.4246974,55.3336666],[60.4253465,55.3336758],[60.4254162,55.3337094],[60.4256254,55.3339077],[60.4256898,55.3340694],[60.4257971,55.3342128],[60.4259902,55.334341],[60.426532,55.3344325],[60.427562,55.3347712],[60.4279,55.3350885],[60.4279804,55.3352502],[60.4283946,55.3354106],[60.4283345,55.3354729],[60.4285169,55.3357903],[60.428651,55.3363211],[60.428651,55.3363761],[60.4284149,55.3364615],[60.4284418,55.3365134],[60.4285866,55.3365683],[60.4284793,55.336733],[60.428018,55.3371571],[60.4278088,55.3372822],[60.4274418,55.3373607],[60.4274152,55.337518],[60.4272818,55.3375635],[60.4271652,55.3377682],[60.4272085,55.3378497],[60.4271485,55.3379635],[60.4267086,55.3382023],[60.4263553,55.3383066],[60.4262553,55.3384525],[60.4262919,55.3388582],[60.426202,55.339042],[60.4262719,55.3391217],[60.426252,55.3392562],[60.4264119,55.3393586],[60.4263919,55.3394136],[60.4265153,55.3394155],[60.4267319,55.339569],[60.4268052,55.339787],[60.4267319,55.3399216],[60.4262253,55.340149],[60.4263119,55.340331],[60.426242,55.3403898],[60.4262986,55.3405167],[60.4261153,55.3407442],[60.426192,55.3410171],[60.426122,55.3410968],[60.4260486,55.34151],[60.426112,55.3416275],[60.4259986,55.3416957],[60.4260286,55.3418056],[60.4269352,55.3420691],[60.4270819,55.3420558],[60.4279884,55.3417488],[60.4280884,55.3416388],[60.4282317,55.3416237],[60.4282517,55.3415403],[60.429025,55.3414209],[60.4296383,55.3416483],[60.4298782,55.3416938],[60.4300882,55.3418398],[60.4302449,55.3421108],[60.4304382,55.3422605],[60.4307548,55.3427893],[60.4306615,55.3434451],[60.4307482,55.3437598],[60.4307115,55.3438583],[60.4304415,55.3439379],[60.4303882,55.3440251],[60.4302015,55.3441009],[60.4301282,55.3440952],[60.4301149,55.3440024],[60.4300049,55.3440516],[60.4297516,55.3439209],[60.429505,55.3439645],[60.428995,55.3439436],[60.4284851,55.3440573],[60.4281351,55.3439796],[60.4281018,55.3440497],[60.4279684,55.3440971],[60.4280284,55.344171],[60.4279418,55.3443625],[60.4274318,55.3446941],[60.4272852,55.3448609],[60.4273718,55.3449974],[60.4273452,55.3451566],[60.4275685,55.3454086],[60.4277151,55.3454617],[60.4280451,55.3457214],[60.4284051,55.3457972],[60.4288284,55.3460075],[60.4290283,55.3462691],[60.428775,55.3463809],[60.4288417,55.3464794],[60.4291517,55.3465079],[60.4294216,55.3466519],[60.4294016,55.3467239],[60.4291283,55.3467808],[60.4284117,55.3467448],[60.4282384,55.3467884],[60.4281751,55.3469457],[60.4279751,55.3470366],[60.4278818,55.347192],[60.4276351,55.3473853],[60.4272885,55.3475028],[60.4263753,55.3475085],[60.4258987,55.3476052],[60.425662,55.3477056],[60.425562,55.3476961],[60.4254587,55.3477833],[60.4255587,55.3478326],[60.4254254,55.3481983],[60.4249487,55.3486721],[60.4249687,55.348801],[60.425322,55.3489791],[60.4254154,55.3490871],[60.4255687,55.3491307],[60.4255554,55.349252],[60.4263153,55.3495609],[60.4263486,55.3497087],[60.4262653,55.349775],[60.4261986,55.3500157],[60.4263053,55.3500839],[60.4267319,55.35019],[60.4274352,55.3501919],[60.4278885,55.3503454],[60.4284417,55.3507074],[60.4285484,55.3510939],[60.4283917,55.3511565],[60.4271652,55.3511887],[60.4269985,55.3511641],[60.4270719,55.3509954],[60.4267286,55.3509044],[60.4265753,55.3509348],[60.4265486,55.3510807],[60.4266652,55.351111],[60.4266752,55.3512057],[60.4268952,55.3514635],[60.4268719,55.3515715],[60.4268019,55.3516548],[60.4270952,55.3517079],[60.4276585,55.3519448],[60.4276585,55.3519959],[60.4276218,55.35203],[60.4276018,55.352121],[60.4276885,55.3521911],[60.4278451,55.3522195],[60.4279718,55.3522176],[60.4280784,55.3521816],[60.4281484,55.3520793],[60.4282617,55.3520187],[60.4282184,55.3519486],[60.4284784,55.3518766],[60.4285717,55.351833],[60.4288184,55.3518405],[60.429085,55.3518879],[60.4292583,55.3519921],[60.429445,55.3521134],[60.4295816,55.3523427],[60.4296316,55.3524772],[60.4295083,55.3526175],[60.4293583,55.3527103],[60.4292816,55.3528865],[60.429055,55.3530552],[60.4286417,55.3533053],[60.4284184,55.3534057],[60.4281784,55.3535668],[60.4279618,55.3537278],[60.4275801,55.3539598],[60.4274268,55.3541284],[60.4273301,55.3541588],[60.4272601,55.3542327],[60.4272068,55.3542781],[60.4271601,55.3543937],[60.4269768,55.3545813],[60.4268835,55.3546438],[60.4268202,55.3547443],[60.4267235,55.35482],[60.4267002,55.3548769],[60.4266002,55.354964],[60.4265135,55.3549735],[60.4264635,55.3550474],[60.4263802,55.3551213],[60.4263136,55.355144],[60.4261869,55.355144],[60.4261336,55.355108],[60.4260003,55.3550929],[60.4259369,55.3551043],[60.4258569,55.3551365],[60.425627,55.3553487],[60.4255503,55.3553885],[60.4255836,55.3555874],[60.4255403,55.3556765],[60.425457,55.3557958],[60.4252837,55.3558716],[60.425127,55.3558773],[60.425027,55.3558413],[60.4248837,55.3558716],[60.4248604,55.3559739],[60.424867,55.3561312],[60.424837,55.3562449],[60.4246304,55.3564078],[60.4245637,55.356423],[60.4244571,55.3564287],[60.4244071,55.3564893],[60.4244304,55.3565348],[60.4243404,55.3565916],[60.4242338,55.3567072],[60.4241171,55.3567527],[60.4240305,55.3567773],[60.4240505,55.3568474],[60.4238738,55.3570104],[60.4238205,55.3570293],[60.4237338,55.3570482],[60.4236305,55.3571146],[60.4236105,55.3571771],[60.4236072,55.3572699],[60.4235172,55.3573609],[60.4233605,55.357431],[60.4230639,55.3575011],[60.4229706,55.3575522],[60.4229572,55.3576223],[60.4229339,55.3576716],[60.4228739,55.357683],[60.4228406,55.357736],[60.4227806,55.3577739],[60.4226773,55.3577947],[60.4225773,55.357808],[60.4225673,55.3578629],[60.4226506,55.3578686],[60.4226706,55.3578952],[60.4226406,55.3579274],[60.4226473,55.3579709],[60.4227339,55.3579899],[60.4228073,55.3580467],[60.4228606,55.358113],[60.4229706,55.3581907],[60.4230172,55.3582532],[60.4231372,55.3583537],[60.4233072,55.358581],[60.4233645,55.3589849],[60.4233668,55.3590787],[60.423348,55.3591644],[60.4232867,55.3592395],[60.4232207,55.3593044],[60.4231476,55.3593533],[60.4230416,55.3593828],[60.4229497,55.3593955],[60.4228589,55.3593868],[60.4227376,55.359421],[60.4226209,55.3594639],[60.4226056,55.3594706],[60.4224147,55.3594893],[60.4223569,55.3595335],[60.4223263,55.3595931],[60.422344,55.3596447],[60.4222921,55.3596682],[60.4221908,55.3596802],[60.4221307,55.3597472],[60.422225,55.3598209],[60.4222391,55.3598644],[60.4221743,55.3598852],[60.4222367,55.3599796],[60.4222886,55.3600607],[60.422311,55.3601551],[60.4223369,55.360279],[60.4223852,55.3603366],[60.4225526,55.3603902],[60.4226845,55.3604833],[60.4227812,55.3605336],[60.4229402,55.3605295],[60.4230746,55.3605329],[60.4232372,55.3605416],[60.4233892,55.3605878],[60.4237027,55.3605704],[60.4239654,55.3606514],[60.4242801,55.3607579],[60.4245535,55.3609375],[60.4246831,55.3610868],[60.4246796,55.3611491],[60.4246678,55.3612087],[60.4245935,55.3612429],[60.4244969,55.3613119],[60.4244462,55.3613829],[60.4244427,55.3614753],[60.4245134,55.3615135],[60.4246253,55.3615215],[60.4247491,55.3615878],[60.4248433,55.3616441],[60.4248834,55.3617111],[60.4248622,55.3617687],[60.4248233,55.3618075],[60.4248351,55.3618336],[60.4248728,55.3618772],[60.4250319,55.3619053],[60.4251698,55.3619529],[60.4252369,55.3620373],[60.4253795,55.3621002],[60.4254738,55.362131],[60.425561,55.3621324],[60.4256635,55.3621518],[60.4256883,55.3621196],[60.4258768,55.362058],[60.4260182,55.3620212],[60.4262409,55.3620011],[60.4264754,55.3620567],[60.4266286,55.3621237],[60.4267571,55.3621605],[60.4268855,55.3621417],[60.427034,55.3621719],[60.4273451,55.3623346],[60.4275772,55.3624887],[60.4278329,55.3628571],[60.4279213,55.3630667],[60.4279991,55.3633326],[60.4280132,55.3635201],[60.4280062,55.3636769],[60.4279602,55.3637894],[60.4278954,55.3639997],[60.4278836,55.364066],[60.4278058,55.3640807],[60.4277398,55.3642194],[60.4276126,55.364285],[60.4275419,55.364354],[60.4273474,55.3644364],[60.4273333,55.3645027],[60.4273321,55.3645509],[60.4274193,55.3646105],[60.4275654,55.3647645],[60.4276467,55.364867],[60.4276597,55.3650184],[60.4276279,55.3650833],[60.4275796,55.3651168],[60.4274877,55.3651349],[60.4273993,55.3651315],[60.427305,55.3651389],[60.4272131,55.3651711],[60.4271389,55.3652494],[60.4270505,55.3653258],[60.4269538,55.3653994],[60.4268395,55.3654302],[60.4267995,55.3654356],[60.4268101,55.3655032],[60.4268702,55.3655461],[60.4268926,55.3656338],[60.4268584,55.3656888],[60.4266805,55.3657269],[60.4266263,55.365735],[60.4265874,55.3657738],[60.4267087,55.3658461],[60.4268678,55.3660993],[60.4269161,55.3662426],[60.4270081,55.3663826],[60.4270246,55.3664576],[60.4270045,55.3664998],[60.4270528,55.3665969],[60.4270599,55.3667121],[60.4270811,55.3668246],[60.4270517,55.3669177],[60.4269916,55.3670128],[60.4268372,55.3670925],[60.4266345,55.3671822],[60.4265885,55.3672545],[60.4264719,55.3673001],[60.4263988,55.3673088],[60.4262056,55.3673523],[60.4261631,55.3674005],[60.4262374,55.3675445],[60.4262833,55.3676101],[60.426486,55.3677501],[60.4265956,55.3678666],[60.4266946,55.3679028],[60.4268725,55.3678847],[60.4270587,55.3678003],[60.4272452,55.3678146],[60.4273719,55.3678657],[60.4274385,55.3680154],[60.427521,55.3680679],[60.4275827,55.3680154],[60.4275752,55.3679695],[60.427626,55.3679069],[60.4277652,55.3678373],[60.4278085,55.3678193],[60.4278402,55.3677843],[60.4279093,55.3677554],[60.4280376,55.3677502],[60.4285817,55.3678833],[60.4286426,55.3679406],[60.4286901,55.3680116],[60.4287559,55.368049],[60.4288684,55.3680196],[60.4290325,55.3679562],[60.42901,55.3678411],[60.4290225,55.3677871],[60.429085,55.3677407],[60.4291583,55.3677261],[60.4293658,55.3677483],[60.4296225,55.3677568],[60.4297441,55.3678056],[60.4298174,55.3678975],[60.4298041,55.3680585],[60.4300383,55.3681338],[60.4301949,55.3680883],[60.4303549,55.3680864],[60.4305199,55.368129],[60.4310257,55.3684193],[60.4313623,55.3686835],[60.4314606,55.3688408],[60.4315056,55.3690202],[60.4314839,55.3691244],[60.431414,55.3691798],[60.4313215,55.3692063],[60.4313048,55.3693247],[60.4312656,55.3694762],[60.4312715,55.3695472],[60.4311981,55.3696306],[60.4311232,55.3696742],[60.4310757,55.369731],[60.4308965,55.3698868],[60.4308465,55.3699635],[60.4307399,55.3701003],[60.4307207,55.3701571],[60.4307224,55.3702348],[60.430769,55.3703484],[60.4307874,55.3704048],[60.430884,55.37049],[60.430929,55.3705634],[60.4311082,55.370615],[60.4314914,55.3706628],[60.4315948,55.3706842],[60.4316798,55.3706472],[60.4318714,55.3706567],[60.432148,55.3707396],[60.4322564,55.370776],[60.432398,55.3707926],[60.4325772,55.3708414],[60.4326655,55.3708551],[60.4328696,55.3708504],[60.4330846,55.3708049],[60.4332796,55.3706884],[60.4333929,55.3706827],[60.4335604,55.3707438],[60.4337279,55.3708186],[60.4339395,55.3708873],[60.4340079,55.3709171],[60.4341295,55.3708996],[60.4342212,55.3708911],[60.4343545,55.3709342],[60.4344228,55.3709346],[60.4345553,55.3707812],[60.4346411,55.3707201],[60.4347969,55.370696],[60.4348728,55.3706936],[60.4349561,55.3706633],[60.4350619,55.3706576],[60.4352211,55.3706965],[60.4353502,55.3707561],[60.4355852,55.3708414],[60.4356777,55.3708058],[60.4357468,55.3708238],[60.435846,55.3707997],[60.435956,55.3708144],[60.436216,55.3708968],[60.4362793,55.3709332],[60.436341,55.3708958],[60.4364243,55.3708333],[60.4365226,55.3707433],[60.4366776,55.3705705],[60.4368117,55.3704204],[60.4368901,55.3702812],[60.4369567,55.3700236],[60.4369803,55.3697483],[60.4369353,55.3695135],[60.4367187,55.3692758],[60.4365954,55.369236],[60.4365171,55.3692265],[60.4364537,55.3693127],[60.4364387,55.3693989],[60.4362737,55.3695173],[60.4358321,55.3696233],[60.4356755,55.3696347],[60.4355488,55.3695173],[60.4355322,55.3693847],[60.4355805,55.3692474],[60.4358721,55.3690447],[60.4360138,55.3688714],[60.4365754,55.3683372],[60.4366137,55.3682331],[60.4367087,55.3681933],[60.4366854,55.3680702],[60.436697,55.3679139],[60.4367187,55.3678836],[60.436737,55.367805],[60.4368437,55.3677311],[60.4368804,55.3675976],[60.4369553,55.3675123],[60.436917,55.3674593],[60.437012,55.367322],[60.4370587,55.3671647],[60.437102,55.3670776],[60.4373703,55.3669876],[60.4373986,55.3669119],[60.4373803,55.3668693],[60.4374753,55.3667954],[60.4377386,55.3667016],[60.4379019,55.3666457],[60.4381086,55.3666031],[60.4384152,55.3665775],[60.4391201,55.3667007],[60.440607,55.3672867],[60.4409969,55.3674705],[60.4413869,55.3677054],[60.4414869,55.3678379],[60.4419168,55.3680482],[60.4421902,55.368088],[60.4428434,55.3683664],[60.4431801,55.3684573],[60.4441866,55.3690009],[60.4443366,55.3691544],[60.44409,55.3698571],[60.44408,55.370306],[60.44401,55.3704613],[60.44402,55.3707151],[60.44412,55.3708666],[60.4445399,55.3709708],[60.4455865,55.3709499],[60.4463531,55.3712908],[60.4468563,55.3717189],[60.4470363,55.3719689],[60.4469797,55.3720598],[60.4472663,55.3722681],[60.447383,55.3725011],[60.4475096,55.3731924],[60.4477629,55.3737435],[60.4478896,55.3742189],[60.4482062,55.3746772],[60.4486762,55.3756316],[60.4488228,55.3760256],[60.4489528,55.3767963],[60.4493728,55.3771807],[60.449946,55.3781787],[60.4510226,55.3790536],[60.4515325,55.3793168],[60.4520058,55.3793433],[60.4525958,55.3795762],[60.4544156,55.379936],[60.4550388,55.3801822],[60.4561854,55.3804454],[60.4565587,55.3804473],[60.4573919,55.3802939],[60.4581419,55.3800288],[60.4582885,55.3799152],[60.4587385,55.3798584],[60.4587918,55.3796822],[60.4585685,55.3795402],[60.4585552,55.3794437],[60.4587551,55.3791861],[60.4587385,55.378921],[60.4590184,55.3780708],[60.4594817,55.3775992],[60.4599117,55.3773606],[60.460195,55.3770141],[60.4603616,55.37698],[60.4606949,55.3767925],[60.4607683,55.3765691],[60.4616082,55.3762017],[60.4619848,55.3761373],[60.4622614,55.37591],[60.4629014,55.3757869],[60.4630847,55.3757036],[60.4631214,55.3756127],[60.463678,55.3754233],[60.4639046,55.3754252],[60.4641379,55.3755351],[60.4643512,55.3754877],[60.4641079,55.3753741],[60.4639913,55.3752415],[60.4650612,55.3748798],[60.4654878,55.3748097],[60.4656444,55.3746601],[60.4659711,55.3745863],[60.4663744,55.3742946],[60.4667943,55.3741431],[60.466901,55.3738723],[60.4671576,55.3736961],[60.4671509,55.3734613],[60.4673843,55.3733439],[60.4674736,55.3730291],[60.4676386,55.3729394],[60.4679356,55.372918],[60.46811,55.3729903],[60.4685884,55.372397],[60.4683787,55.3723608],[60.4683763,55.3721131],[60.4682113,55.3715412],[60.467978,55.3713457],[60.4677164,55.3713149],[60.4675302,55.3711502],[60.4681854,55.3711515],[60.4672427,55.3710229],[60.4670612,55.370877],[60.4670942,55.3707591],[60.4672144,55.3707055],[60.4672922,55.3707189],[60.4673393,55.3707658],[60.4672851,55.3708662],[60.4674501,55.370956],[60.4675538,55.3709453],[60.4677258,55.3710028],[60.4678413,55.37096],[60.4677682,55.3708877],[60.4678932,55.3708435],[60.4682137,55.370802],[60.4683032,55.3708421],[60.468751,55.3707685],[60.4688453,55.3707002],[60.4689089,55.3705167],[60.4688147,55.3701203],[60.4691187,55.3697359],[60.4693025,55.3697359],[60.4696678,55.3698229],[60.4699601,55.3697587],[60.4701038,55.3697118],[60.4704503,55.3694011],[60.470521,55.3694278],[60.4707425,55.3693609],[60.4710112,55.3691694],[60.4716192,55.3690435],[60.4717489,55.3688734],[60.4718926,55.3688774],[60.4720576,55.368726],[60.4723263,55.3687676],[60.4725007,55.3687542],[60.4727929,55.3686524],[60.4728848,55.3686644],[60.4732949,55.3684032],[60.4739147,55.3682492],[60.4741528,55.3679934],[60.4748527,55.3679197],[60.4755173,55.367684],[60.4770988,55.3669594],[60.477358,55.3665067],[60.4778152,55.3662924],[60.4779118,55.3661785],[60.4778883,55.3658262],[60.4780862,55.3657981],[60.4781357,55.3656883],[60.478468,55.3655356],[60.4786024,55.3655624],[60.4792953,55.3654204],[60.4794084,55.3652677],[60.4795899,55.3652757],[60.4803299,55.3650895],[60.4805184,55.3651713],[60.4812585,55.3651833],[60.4813881,55.3652436],[60.4814729,55.3652181],[60.4830685,55.3654566],[60.4839216,55.3655088],[60.4860145,55.3657954],[60.4875699,55.365778],[60.4891749,55.3659361],[60.4909661,55.3660017],[60.4922929,55.365991],[60.493,55.3660821],[60.4943433,55.3660807],[60.4952366,55.3661397],[60.4954221,55.3662637],[60.4957315,55.3664705],[60.4957409,55.366875],[60.4958375,55.3670532],[60.4957739,55.3675836],[60.4958264,55.3694469],[60.495956,55.3695256],[60.4963001,55.3695336],[60.4962812,55.3698712],[60.4962247,55.369914],[60.4958947,55.3699622],[60.495381,55.3699087],[60.495117,55.3698122],[60.4948295,55.3695336],[60.4947022,55.3695524],[60.4946315,55.3697506],[60.4947081,55.3698371],[60.4952787,55.3700813],[60.4957217,55.3701295],[60.4958655,55.3702018],[60.4958325,55.3706652],[60.4961059,55.3708313],[60.496087,55.3711366],[60.4958137,55.3711469],[60.4953516,55.3716891],[60.4951463,55.3718078],[60.4946561,55.3719913],[60.4934376,55.3722832],[60.4930652,55.3724761],[60.4924808,55.3730024],[60.4920353,55.3730613],[60.4922333,55.3732461],[60.4918539,55.3732917],[60.491234,55.374138],[60.4912057,55.3748196],[60.4911162,55.3748812],[60.4912199,55.3750071],[60.4910832,55.375366],[60.491069,55.3760289],[60.4908027,55.3765833],[60.4903458,55.376942],[60.4902438,55.3770221],[60.4898968,55.3771942],[60.4892235,55.3772784],[60.4889902,55.3774915],[60.4886486,55.3773173],[60.4885936,55.3772065],[60.4884119,55.3772377],[60.4883553,55.3775568],[60.4884519,55.3776553],[60.4885219,55.377606],[60.4886669,55.3776704],[60.4885386,55.377891],[60.487787,55.3782774],[60.4869721,55.3788805],[60.4867338,55.3789344],[60.4866954,55.3790263],[60.4863638,55.3792478],[60.4862322,55.3796767],[60.4860572,55.3798727],[60.4858339,55.3799134],[60.4858172,55.3798481],[60.4856906,55.3798415],[60.484894,55.3803632],[60.4843607,55.3808432],[60.4837091,55.3817369],[60.4835958,55.3817833],[60.4834424,55.3817445],[60.4834041,55.3816754],[60.4830791,55.381594],[60.4830042,55.3814548],[60.4827259,55.3814122],[60.481916,55.3809357],[60.4816227,55.3809395],[60.4814627,55.3808372],[60.4810727,55.380752],[60.4811994,55.3810758],[60.4816127,55.3812651],[60.4819893,55.381339],[60.4821993,55.3814602],[60.4823526,55.3814507],[60.4825059,55.3815283],[60.4825159,55.3815946],[60.4827126,55.3816609],[60.4830256,55.3819699],[60.482589,55.3822691],[60.48251,55.3824787],[60.482645,55.382599],[60.4825184,55.3827097],[60.4825,55.3830316],[60.4821234,55.3833592],[60.4818068,55.3833895],[60.4809135,55.3832484],[60.4807219,55.3831509],[60.4806752,55.3830155],[60.4805136,55.3829294],[60.4805686,55.3827552],[60.4811185,55.3822619],[60.4814701,55.382225],[60.4819484,55.3824579],[60.4820967,55.38242],[60.4822934,55.3822468],[60.4822051,55.3821114],[60.4819918,55.3820139],[60.4816201,55.3819912],[60.4808935,55.3821578],[60.4805502,55.3824342],[60.4796503,55.3827325],[60.4794537,55.3829388],[60.479412,55.3832513],[60.479437,55.3833175],[60.4795937,55.3833942],[60.4796653,55.3837284],[60.4796215,55.3840241],[60.4794141,55.3841901],[60.4793811,55.3845061],[60.4789804,55.3847203],[60.4787448,55.3847577],[60.4781603,55.384972],[60.4778398,55.3851594],[60.4774674,55.3852826],[60.4773071,55.3852718],[60.4769395,55.3853415],[60.4769159,55.3854191],[60.4763691,55.3854994],[60.4759355,55.385644],[60.4757234,55.3858047],[60.4749739,55.3860617],[60.4746487,55.3862224],[60.4744743,55.3862224],[60.4736306,55.3865035],[60.4728434,55.386707],[60.4723485,55.3867713],[60.4719761,55.3869078],[60.4716839,55.3866106],[60.4718017,55.3864928],[60.4717168,55.3864312],[60.4715849,55.3863857],[60.4712785,55.3864392],[60.4711936,55.3865142],[60.4715424,55.3867632],[60.4716414,55.3870122],[60.4712738,55.3871755],[60.4711041,55.3870711],[60.4710569,55.3863562],[60.4711324,55.386284],[60.4713869,55.386209],[60.4712832,55.3861501],[60.4708213,55.3862518],[60.4707459,55.3863295],[60.4708684,55.3865463],[60.4707977,55.386715],[60.4706987,55.3867632],[60.4707647,55.3868917],[60.4707176,55.3871006],[60.4706657,55.3872237],[60.4704725,55.3873121],[60.4704772,55.3873764],[60.4702973,55.3875047],[60.4697176,55.3877403],[60.4688255,55.3880053],[60.4683872,55.3882135],[60.4666443,55.3885408],[60.465737,55.3885763],[60.4656521,55.3886512],[60.4650701,55.3887715],[60.4646535,55.3890517],[60.4645002,55.389099],[60.4641227,55.3890016],[60.4639785,55.3890347],[60.4631678,55.3899103],[60.4628561,55.3899794],[60.462802,55.390164],[60.462647,55.3903348],[60.4617271,55.3910736],[60.4615079,55.3911418],[60.4611713,55.3911545],[60.4605216,55.391304],[60.4600624,55.3913538],[60.4595258,55.3914845],[60.4591322,55.391678],[60.458848,55.3916585],[60.4586408,55.3915456],[60.4583694,55.3915172],[60.4577723,55.3916086],[60.4577406,55.3917044],[60.4576501,55.3917256],[60.4572448,55.3917014],[60.4569683,55.3918277],[60.4569016,55.3919269],[60.4569127,55.3920514],[60.4570256,55.3920999],[60.4570187,55.3922086],[60.4568621,55.3923578],[60.4566603,55.3924931],[60.4560393,55.3926561],[60.455808,55.3926097],[60.4557245,55.3924941],[60.4553662,55.3924022],[60.4548217,55.3925139],[60.454359,55.3923775],[60.4539746,55.3923914],[60.4536597,55.3925198],[60.4533083,55.3925692],[60.4528109,55.3925732],[60.4521342,55.3927727],[60.4516785,55.3930138],[60.4516245,55.393242],[60.4516315,55.3933694],[60.4519081,55.393731],[60.4524473,55.3942408],[60.4524386,55.3943811],[60.4523012,55.3945846],[60.4520281,55.3948582],[60.4518541,55.3949106],[60.4515602,55.3948296],[60.4514227,55.3946231],[60.4507548,55.3943099],[60.4505095,55.3942497],[60.4507878,55.3944364],[60.4511984,55.3945915],[60.4512662,55.3946932],[60.4511792,55.3948503],[60.4506435,55.3951812],[60.4504973,55.395197],[60.4499233,55.3954124],[60.449318,55.3952978],[60.449144,55.3951723],[60.4485831,55.3951248],[60.4485312,55.3953651],[60.4476112,55.3959211],[60.4465189,55.3959882],[60.4451586,55.3965554],[60.4445952,55.3964925],[60.4442533,55.3965079],[60.4438474,55.3966434],[60.4434267,55.3966727],[60.4431223,55.3966429],[60.4427086,55.3967366],[60.4420319,55.3968125],[60.441414,55.3973728],[60.4409246,55.397517],[60.4402192,55.3973601],[60.4400175,55.3975891],[60.4407437,55.3978131],[60.4408614,55.398361],[60.4402427,55.3985365],[60.4404236,55.3989553],[60.4410777,55.3990264],[60.4422188,55.3987419],[60.4432068,55.3986155],[60.4441252,55.3987419],[60.4448071,55.398979],[60.4451272,55.3993267],[60.4450159,55.3997929],[60.444501,55.400433],[60.4429981,55.4013812],[60.4420796,55.401634],[60.4403148,55.4018088],[60.4394784,55.402172],[60.4388683,55.402077],[60.438583,55.4019541],[60.4395276,55.4019038],[60.4387994,55.4016692],[60.4377466,55.4012333],[60.4356703,55.4008869],[60.4330627,55.402429],[60.4332103,55.4030436],[60.4338106,55.4032057],[60.4339975,55.4037979],[60.4336925,55.4043007],[60.433043,55.4048315],[60.4332005,55.4051779],[60.4341451,55.4055689],[60.4353358,55.4055633],[60.4366543,55.405474],[60.4382189,55.4052784],[60.4392816,55.4052728],[60.4394292,55.4056527],[60.4394784,55.4062002],[60.4394095,55.4064963],[60.4392127,55.4067086],[60.4389372,55.406798],[60.4380657,55.4069007],[60.4376309,55.4068375],[60.4372517,55.4068365],[60.4364411,55.4066637],[60.4362149,55.4067051],[60.4357853,55.4066775],[60.4351695,55.406557],[60.4350373,55.4066044],[60.4344146,55.4065669],[60.4338197,55.406638],[60.4336335,55.4067506],[60.4335448,55.4070143],[60.4331221,55.4070933],[60.4329447,55.4070636],[60.432776,55.406956],[60.4327081,55.4068158],[60.4325742,55.4067595],[60.4321793,55.4068355],[60.4319862,55.4069797],[60.4318645,55.4069511],[60.4315322,55.4069906],[60.4309617,55.4069846],[60.4307338,55.4069056],[60.4306468,55.4069362],[60.4305564,55.4069027],[60.4300763,55.4069797],[60.4298728,55.4069007],[60.4293561,55.4069639],[60.4293422,55.4070172],[60.4295701,55.4071091],[60.429744,55.407117],[60.4299597,55.4072602],[60.4305181,55.4071199],[60.43116,55.4071871],[60.4316836,55.4071673],[60.4320454,55.407273],[60.4323846,55.4072947],[60.4325707,55.4072977],[60.4326316,55.4072305],[60.4325898,55.4071871],[60.4326838,55.4071614],[60.4328368,55.4071575],[60.4332439,55.4072513],[60.4334039,55.4073421],[60.4334457,55.407435],[60.4336457,55.4074211],[60.4338962,55.407594],[60.4347798,55.4080176],[60.4350112,55.4082033],[60.4351156,55.408547],[60.4353104,55.4085183],[60.4354722,55.4086072],[60.4355209,55.4088166],[60.4354756,55.4089044],[60.4348981,55.4093222],[60.4337553,55.4096579],[60.4328612,55.4098426],[60.4318801,55.4101902],[60.4310747,55.4103798],[60.4308608,55.4102662],[60.430612,55.4102761],[60.4305303,55.4101764],[60.4301302,55.4100589],[60.4298084,55.4100401],[60.4292953,55.4102959],[60.4290639,55.410361],[60.4288117,55.4102277],[60.4284464,55.4102623],[60.4283333,55.4103719],[60.4276706,55.4106207],[60.4272461,55.4106049],[60.4270565,55.4105072],[60.4270478,55.4105556],[60.4263538,55.4106425],[60.4261711,55.4105496],[60.4255562,55.4106133],[60.4253666,55.410603],[60.4253588,55.4105462],[60.4251823,55.4105161],[60.4251318,55.4105916],[60.4250527,55.4105951],[60.4250822,55.4106548],[60.4253832,55.4107106],[60.4253979,55.410838],[60.4251422,55.4108642],[60.4252971,55.4109432],[60.4256632,55.4109999],[60.4258059,55.4111436],[60.4257766,55.411391],[60.4255798,55.4115251],[60.4256388,55.4118156],[60.4264457,55.4120167],[60.4271935,55.4126199],[60.4276855,55.4135807],[60.4276462,55.4140052],[60.4273903,55.4145637],[60.426859,55.4150329],[60.4262489,55.4153234],[60.4254617,55.415558],[60.4242022,55.415692],[60.4231198,55.4156585],[60.4230214,55.4155356],[60.4218428,55.4153323],[60.4195954,55.4148524],[60.4185117,55.414574],[60.4181238,55.4143814],[60.417381,55.4141701],[60.4172871,55.4140941],[60.4166034,55.4139993],[60.4164069,55.4139016],[60.4163234,55.4137584],[60.4156328,55.4135273],[60.4152988,55.4133101],[60.4152136,55.4131847],[60.4148013,55.4130544],[60.4146239,55.4129132],[60.41449,55.4129319],[60.414203,55.4128035],[60.4138777,55.4127532],[60.413789,55.4126989],[60.4136724,55.4128026],[60.413368,55.4128727],[60.4133315,55.4129951],[60.4134811,55.4130079],[60.4135628,55.4130652],[60.4137002,55.4130524],[60.4143143,55.4132982],[60.414436,55.4133032],[60.4149753,55.4135777],[60.415144,55.4138887],[60.4151249,55.414023],[60.415024,55.4140862],[60.414904,55.4140842],[60.4148848,55.4141464],[60.4150205,55.4142679],[60.4153736,55.4142363],[60.4156241,55.4142679],[60.4168661,55.4145147],[60.4173288,55.4147083],[60.4178037,55.4151111],[60.4183029,55.4154271],[60.4186125,55.4158901],[60.4182316,55.4159968],[60.4184856,55.416055],[60.4185795,55.416216],[60.4185308,55.4165971],[60.4182542,55.4169338],[60.4181081,55.4170207],[60.4178141,55.41707],[60.4167461,55.4177009],[60.4165391,55.4177651],[60.4163947,55.4177286],[60.4163008,55.417772],[60.4161616,55.4179428],[60.4161147,55.4181906],[60.4157685,55.4184305],[60.4161147,55.4185865],[60.4162434,55.4194761],[60.4161564,55.4199016],[60.4157928,55.4203251],[60.4154676,55.4205117],[60.41465,55.4208177],[60.4137507,55.420876],[60.4134098,55.4207763],[60.4131297,55.4208197],[60.4123661,55.4212847],[60.4122739,55.421491],[60.412286,55.4218069],[60.4126966,55.422419],[60.4127574,55.4227112],[60.412747,55.4232028],[60.4125765,55.4237754],[60.412747,55.4241564],[60.4127401,55.4244526],[60.4118703,55.4252166],[60.4117451,55.4252561],[60.4114963,55.4255542],[60.4115694,55.4257033],[60.4114841,55.4258385],[60.4115346,55.4264525],[60.4114755,55.4268759],[60.4115172,55.4269371],[60.4116598,55.4268848],[60.4118825,55.4268996],[60.411832,55.4270112],[60.412086,55.4271957],[60.41226,55.4274613],[60.4121904,55.4275195],[60.4121243,55.4275156],[60.4120773,55.4274168],[60.4118581,55.4274474],[60.4118077,55.4275116],[60.4117242,55.427479],[60.4117572,55.427329],[60.411679,55.4273339],[60.4115433,55.4272184],[60.4115102,55.4270832],[60.4114702,55.4273231],[60.4118251,55.4279854],[60.4119312,55.4281256],[60.4122495,55.4282904],[60.4126079,55.4287079],[60.4127748,55.4291343],[60.4129801,55.4293603],[60.4130671,55.4293603],[60.4130566,55.429308],[60.4129036,55.4290247],[60.4129975,55.4289665],[60.4137663,55.4292903],[60.4140499,55.4299259],[60.4140568,55.4300651],[60.4139107,55.4303306],[60.4139368,55.4304293],[60.4143004,55.4307185],[60.4140238,55.4309524],[60.4139299,55.431359],[60.4140603,55.4316847],[60.4139594,55.4318416],[60.4140795,55.4319453],[60.4144795,55.4319847],[60.4145039,55.4320262],[60.4143804,55.4320815],[60.4146622,55.4324535],[60.4147457,55.4325236],[60.4148935,55.4325157],[60.4148361,55.4326677],[60.4148814,55.4328819],[60.4146517,55.4329431],[60.4146135,55.4331247],[60.4141456,55.4334671],[60.4140568,55.433474],[60.4141647,55.4331898],[60.4140586,55.4331474],[60.4136341,55.4340721],[60.4131958,55.4348024],[60.4128149,55.4351399],[60.4125574,55.435208],[60.4125591,55.4354034],[60.4123034,55.4359146],[60.4115346,55.4364988],[60.4112441,55.4366074],[60.411138,55.4365955],[60.4104057,55.4370741],[60.4100717,55.4373583],[60.4100404,55.4375754],[60.4095603,55.4378606],[60.4096629,55.4378794],[60.4099865,55.4377314],[60.4099186,55.4378448],[60.4099882,55.4379169],[60.4099064,55.4379988],[60.41031,55.4380511],[60.4108336,55.4385274],[60.4119399,55.4388293],[60.4123287,55.4393174],[60.4125374,55.4393924],[60.4126001,55.4392858],[60.4123878,55.4391043],[60.4122626,55.4388398],[60.4127705,55.4388339],[60.4131219,55.4389365],[60.413268,55.4388793],[60.4136959,55.4389306],[60.413929,55.4391872],[60.4139047,55.439426],[60.413689,55.4395325],[60.413348,55.4398601],[60.412687,55.4401364],[60.4126105,55.4402647],[60.4115564,55.4409179],[60.4111354,55.4413758],[60.410871,55.4415494],[60.4092637,55.4420566],[60.4084288,55.4424177],[60.4077573,55.4424868],[60.407065,55.4426703],[60.4071242,55.4427828],[60.406738,55.4428341],[60.406331,55.442765],[60.405917,55.4427828],[60.4055934,55.4428696],[60.4054647,55.4429111],[60.4056039,55.4430255],[60.4052281,55.4431498],[60.4044801,55.4431913],[60.4043166,55.4433847],[60.4039061,55.4435781],[60.4038539,55.4437063],[60.4036278,55.4436945],[60.4030155,55.443882],[60.4025145,55.443949],[60.4024797,55.4441424],[60.402678,55.4443378],[60.402678,55.4443753],[60.4025806,55.4443832],[60.4027476,55.4445489],[60.4027024,55.4447384],[60.4027998,55.4448291],[60.4026711,55.4449811],[60.4027337,55.4449929],[60.402692,55.4451074],[60.4025876,55.4451212],[60.4024554,55.4450186],[60.402351,55.4450422],[60.4024623,55.4451093],[60.4024067,55.4452692],[60.4027094,55.4454685],[60.4027824,55.4457092],[60.402264,55.4461808],[60.402278,55.4464807],[60.4021562,55.4467806],[60.4019579,55.4468221],[60.4015195,55.4466563],[60.4012969,55.4466859],[60.4012343,55.446605],[60.4016204,55.4465458],[60.4015404,55.4464235],[60.4015787,55.4463761],[60.4016413,55.4463288],[60.4017005,55.4463485],[60.4019509,55.4461433],[60.40177,55.4460506],[60.4018048,55.4459558],[60.4021214,55.446021],[60.4023058,55.4459558],[60.4022919,55.4458552],[60.4020936,55.4457684],[60.4020762,55.445648],[60.4022884,55.4454764],[60.4020727,55.4450837],[60.4020657,55.4448982],[60.4019335,55.4447818],[60.4016552,55.444837],[60.4016935,55.444764],[60.4020727,55.4446811],[60.4022223,55.4445568],[60.4021005,55.44447],[60.4015926,55.4443062],[60.4012482,55.4445706],[60.4011786,55.4444858],[60.4009699,55.4446239],[60.4003089,55.4448666],[60.4003019,55.4449692],[60.3993348,55.4453363],[60.3993556,55.4456145],[60.3988651,55.4458552],[60.3987155,55.4457447],[60.3983676,55.4461926],[60.3978632,55.4462597],[60.3978736,55.4465281],[60.3980197,55.4465557],[60.3979327,55.4468615],[60.3976335,55.4469661],[60.3974839,55.4467945],[60.3971639,55.4468438],[60.3968717,55.4468201],[60.3968334,55.4472325],[60.3970769,55.4472483],[60.3971047,55.4473529],[60.3960958,55.4479093],[60.3966455,55.4481046],[60.3960611,55.4480691],[60.3959845,55.4481796],[60.3960958,55.4483098],[60.3959915,55.4483769],[60.3959741,55.4485624],[60.3960889,55.4486255],[60.3961515,55.4487538],[60.395981,55.4488208],[60.3959428,55.4489412],[60.3965794,55.4490339],[60.3964333,55.4491701],[60.3965864,55.4492036],[60.3964124,55.4493851],[60.3961237,55.4492135],[60.3959741,55.4492668],[60.3957201,55.4492589],[60.3956331,55.4493477],[60.3958001,55.4493575],[60.396235,55.4497284],[60.3968647,55.4499119],[60.3969551,55.4503204],[60.3968299,55.4503223],[60.3967916,55.4502237],[60.3965585,55.4501665],[60.3963811,55.4502414],[60.3966768,55.4504486],[60.3968473,55.4504466],[60.3972404,55.4505847],[60.3972787,55.4507426],[60.3971187,55.4508077],[60.3970804,55.4508846],[60.3973274,55.4509971],[60.3980684,55.4510918],[60.3988512,55.4510405],[60.4004445,55.4511056],[60.4008585,55.4510602],[60.4013178,55.4510898],[60.40145,55.4510326],[60.4017039,55.4511234],[60.4019927,55.4511312],[60.4027267,55.4513246],[60.4030468,55.4515416],[60.403179,55.4517034],[60.4032799,55.4517034],[60.4038087,55.452094],[60.4039061,55.45224],[60.4039479,55.4523998],[60.4037391,55.4529917],[60.4037983,55.4530607],[60.4034225,55.4532442],[60.4026085,55.4534652],[60.4019788,55.4535835],[60.4015787,55.4536033],[60.400528,55.4538933],[60.3996827,55.4539248],[60.3994565,55.4539742],[60.3992339,55.4540985],[60.3991434,55.4542208],[60.3982841,55.4544595],[60.3980464,55.4546924],[60.397997,55.4548378],[60.3980462,55.4550498],[60.3978297,55.4553441],[60.3970203,55.45575],[60.3963143,55.4557989],[60.3964103,55.4559997],[60.3963094,55.4562411],[60.3961667,55.4563248],[60.3958149,55.4563764],[60.3957824,55.4566344],[60.3954442,55.4567069],[60.3952388,55.4566958],[60.3952265,55.456753],[60.3953261,55.4568276],[60.3955266,55.4568945],[60.3956791,55.4568869],[60.3961047,55.4570654],[60.3961465,55.4573632],[60.397486,55.4577775],[60.3977566,55.4580028],[60.3977861,55.4581771],[60.3979681,55.4584428],[60.3982055,55.4584951],[60.3986114,55.458438],[60.3990874,55.4585816],[60.399823,55.4586751],[60.4001772,55.4587874],[60.4002486,55.4588606],[60.400609,55.4588885],[60.4006877,55.4591779],[60.4006311,55.4595308],[60.4003039,55.4604123],[60.4003507,55.4606961],[60.4004823,55.4609653],[60.4016668,55.4618356],[60.4018992,55.462192],[60.4020235,55.4625065],[60.4026372,55.4629214],[60.4029127,55.463201],[60.4031784,55.4633119],[60.4046532,55.4635469],[60.4049078,55.4635267],[60.405037,55.4635671],[60.4049853,55.4637456],[60.4048463,55.4638509],[60.4042731,55.4641047],[60.4036532,55.4641222],[60.4032633,55.4642177],[60.4032325,55.464415],[60.4034392,55.4646152],[60.403251,55.4653773],[60.4034158,55.4655014],[60.4035241,55.465689],[60.403941,55.4659191],[60.4047946,55.4658912],[60.4050886,55.465924],[60.4054035,55.4660537],[60.4057184,55.466288],[60.4060492,55.4669127],[60.4065166,55.4671589],[60.4066753,55.4673464],[60.4070345,55.467444],[60.4077307,55.4678066],[60.4087208,55.4681657],[60.4088131,55.4682752],[60.4104674,55.4692652],[60.4110074,55.4693656],[60.4113911,55.469535],[60.4115277,55.469701],[60.4119914,55.4698906],[60.4124282,55.4703189],[60.4120412,55.4705964],[60.4116011,55.4707921],[60.411068,55.4709257],[60.4105548,55.470939],[60.4098425,55.4710396],[60.4085648,55.4710722],[60.4068601,55.4709331],[60.4065314,55.4708686],[60.4061713,55.4708572],[60.4060756,55.4709075],[60.4059365,55.4711377],[60.4062879,55.4717145],[60.406734,55.472101],[60.4072333,55.4723201],[60.407522,55.4726504],[60.4077186,55.4730241],[60.4077029,55.4733593],[60.4074559,55.4734766],[60.4073533,55.4738355],[60.407449,55.4739962],[60.4076942,55.4741895],[60.4077116,55.474433],[60.4074246,55.4746775],[60.4073637,55.4751132],[60.4070767,55.4754445],[60.4066297,55.4766768],[60.4061583,55.4770465],[60.4052329,55.4779426],[60.4049371,55.478057],[60.404798,55.4782019],[60.4043022,55.4784937],[60.4041874,55.4786346],[60.4038987,55.4787431],[60.4036673,55.4789215],[60.4034934,55.4797574],[60.4038378,55.4808526],[60.4040048,55.4811759],[60.4044901,55.481652],[60.4050398,55.4820561],[60.4057599,55.4825253],[60.4060087,55.4826111],[60.406167,55.4827767],[60.4064192,55.4828486],[60.4062974,55.4830763],[60.4064244,55.483098],[60.4063896,55.483238],[60.4065375,55.4833987],[60.4066645,55.4838156],[60.4070278,55.484344],[60.4073818,55.4846533],[60.4077,55.4847001],[60.4079434,55.4846606],[60.4080785,55.4848517],[60.4084953,55.485201],[60.4087878,55.4854862],[60.4089156,55.4857317],[60.4089881,55.4858345],[60.407971,55.4859615],[60.4078775,55.4856305],[60.4076747,55.4854964],[60.4073761,55.4854711],[60.4068703,55.4856172],[60.4066494,55.4856616],[60.4065777,55.4856072],[60.4063546,55.4856095],[60.4061503,55.4855686],[60.4058107,55.4856594],[60.4055445,55.4856474],[60.4054311,55.4855502],[60.4052675,55.4852356],[60.4049997,55.485279],[60.4048224,55.4852304],[60.4046397,55.4851551],[60.404377,55.484956],[60.4040413,55.4849806],[60.4038061,55.4851218],[60.4035006,55.4851425],[60.4032286,55.4850782],[60.4029947,55.4848787],[60.402911,55.4846847],[60.4027398,55.4844532],[60.4022237,55.4842396],[60.4016438,55.4840896],[60.4011898,55.4839116],[60.4006111,55.4835554],[60.4000944,55.4833149],[60.3995517,55.4831867],[60.399383,55.4830694],[60.3991586,55.4830083],[60.3988959,55.4830823],[60.3987098,55.4832271],[60.3983776,55.4836165],[60.397934,55.4837269],[60.3973495,55.483717],[60.396478,55.4833888],[60.3959632,55.4832607],[60.3945594,55.4831168],[60.3942011,55.483033],[60.3935053,55.4826022],[60.3932096,55.4824908],[60.3927208,55.4827018],[60.3926808,55.4832853],[60.3921942,55.4835592],[60.3921316,55.4836745],[60.3921055,55.4844571],[60.3919681,55.4848829],[60.3918237,55.4849174],[60.3913627,55.4848543],[60.3911401,55.4848652],[60.391074,55.4849075],[60.3908113,55.4848297],[60.3903956,55.4848346],[60.3892771,55.4847144],[60.3887465,55.4847193],[60.3882282,55.4846286],[60.3880681,55.4845389],[60.3874837,55.484466],[60.3873219,55.4843457],[60.3870905,55.4843122],[60.3868488,55.4841476],[60.3864,55.4840057],[60.3857494,55.4834261],[60.3857598,55.4833108],[60.3855076,55.4830752],[60.3852954,55.4829254],[60.3849927,55.4828406],[60.3849562,55.4826445],[60.3846205,55.482123],[60.3843526,55.4819653],[60.3839943,55.4818569],[60.3836307,55.4818411],[60.3832585,55.4817189],[60.3831697,55.4815779],[60.3832358,55.4815247],[60.383081,55.4813877],[60.3832567,55.481231],[60.3834776,55.4808761],[60.3842761,55.4804424],[60.384777,55.4803054],[60.3857755,55.4803024],[60.3867218,55.4804562],[60.3878159,55.4805449],[60.3885621,55.4806868],[60.3900372,55.4803349],[60.3907974,55.4803034],[60.3914288,55.480471],[60.392302,55.48116],[60.3925456,55.4812881],[60.3928517,55.4813729],[60.3933335,55.4813286],[60.3935527,55.4812576],[60.3937214,55.4810742],[60.3939737,55.4809717],[60.3941302,55.4807903],[60.394833,55.4804956],[60.3953738,55.4801709],[60.3955362,55.4799786],[60.395444,55.4797186],[60.3952508,55.4796126],[60.3947945,55.4795164],[60.3942422,55.4794551],[60.3930467,55.4792334],[60.3926014,55.4792808],[60.3907012,55.479337],[60.3901883,55.4791851],[60.3898045,55.4789613],[60.3892424,55.4789334],[60.3888082,55.4788212],[60.3886704,55.4788337],[60.3881735,55.4786748],[60.3878316,55.4787132],[60.3875819,55.4785814],[60.3870518,55.4784831],[60.386604,55.4784518],[60.3862314,55.4782573],[60.3858525,55.4778976],[60.3849841,55.4774891],[60.3847074,55.4771106],[60.3846816,55.476891],[60.3848144,55.4765083],[60.3851416,55.4764644],[60.3858009,55.4765027],[60.3859804,55.4764532],[60.3860838,55.4763452],[60.3862572,55.4762852],[60.3866668,55.4762574],[60.3868746,55.4761186],[60.3870161,55.4757359],[60.3876508,55.4751587],[60.3884158,55.4745675],[60.3887123,55.4744672],[60.3889337,55.4742343],[60.3894121,55.4740796],[60.3895258,55.4740021],[60.3905128,55.4738174],[60.3915029,55.47345],[60.3921717,55.472842],[60.3921743,55.4727256],[60.3919908,55.4726724],[60.3907018,55.4726044],[60.3901869,55.4724673],[60.3888258,55.4722277],[60.3881717,55.4721706],[60.3877812,55.4720547],[60.3877203,55.4718634],[60.3870724,55.4713276],[60.3870498,55.4710254],[60.3872046,55.471049],[60.3884822,55.4709711],[60.3887075,55.4708494],[60.3893755,55.4708878],[60.3900539,55.4709618],[60.3906114,55.4712699],[60.3907983,55.4712723],[60.3911428,55.4712102],[60.3914133,55.4710633],[60.3928492,55.470803],[60.3932875,55.4706748],[60.3933354,55.4706009],[60.3937242,55.4704333],[60.3945356,55.4697219],[60.395261,55.4693605],[60.3953332,55.4692801],[60.3952445,55.4691061],[60.3949731,55.4689158],[60.3938277,55.4684701],[60.3937859,55.4681536],[60.3935624,55.4679376],[60.3934615,55.4676019],[60.3935372,55.4674047],[60.3934728,55.467277],[60.3935459,55.4670349],[60.3935067,55.4665912],[60.3936007,55.4664319],[60.3937398,55.4663964],[60.3939207,55.4661425],[60.3940903,55.4662702],[60.3944878,55.4663101],[60.3951688,55.4665902],[60.3956646,55.4667174],[60.3959333,55.4666779],[60.3961403,55.4665266],[60.3961455,55.466209],[60.3962203,55.4660799],[60.3965447,55.4659517],[60.3968744,55.4659108],[60.397231,55.4656376],[60.3972318,55.465536],[60.3971588,55.4654389],[60.3969092,55.4653092],[60.3967022,55.4652856],[60.3966334,55.4652229],[60.3966613,55.4651238],[60.396369,55.4649917],[60.3961307,55.4650484],[60.3958602,55.4650326],[60.3949801,55.4651307],[60.3946983,55.4651002],[60.3946252,55.4651327],[60.3947148,55.4654113],[60.394633,55.4655395],[60.3938911,55.4659087],[60.393885,55.466081],[60.3938223,55.4660893],[60.393714,55.4659687],[60.3933635,55.4659659],[60.3929207,55.4658571],[60.3927854,55.4658753],[60.3919244,55.4657518],[60.3902024,55.4656445],[60.389746,55.4655629],[60.3890708,55.4653865],[60.3888961,55.4652909],[60.3888408,55.4651529],[60.3889207,55.4650824],[60.3894078,55.4649095],[60.389992,55.4647993],[60.389869,55.4646996],[60.3896636,55.4647268],[60.3890609,55.4646452],[60.3887128,55.4646822],[60.3884865,55.4646536],[60.3884164,55.4647631],[60.3883119,55.4647945],[60.3884164,55.4649221],[60.3882565,55.4649702],[60.3881962,55.4649221],[60.387628,55.4649032],[60.3869527,55.464814],[60.3866378,55.4646913],[60.3862233,55.4644381],[60.3856489,55.4642316],[60.3857393,55.4640191],[60.3856045,55.4639013],[60.3846669,55.4638017],[60.383959,55.4636419],[60.3836624,55.4636947],[60.3833928,55.4636824],[60.3829962,55.4634905],[60.3828814,55.463317],[60.3828605,55.4631986],[60.3829335,55.4631331],[60.3828553,55.4630616],[60.3825413,55.4629324],[60.3820177,55.4628047],[60.3818298,55.4626962],[60.3816594,55.4624989],[60.3814924,55.4625428],[60.3815254,55.4628066],[60.3814054,55.4628569],[60.3811923,55.4628584],[60.3811627,55.462783],[60.3807122,55.4627953],[60.3805696,55.4627277],[60.3803548,55.462781],[60.3798816,55.4626809],[60.3797425,55.4627539],[60.3800973,55.4629403],[60.3809123,55.4631237],[60.381555,55.4638081],[60.3819777,55.4639861],[60.3821273,55.4642159],[60.3820916,55.46431],[60.3817655,55.4643998],[60.3811828,55.4642484],[60.3805513,55.4642247],[60.38024,55.4643002],[60.3799268,55.4644397],[60.379699,55.464453],[60.379418,55.4643727],[60.3791563,55.4645048],[60.3789058,55.4647573],[60.378771,55.4647947],[60.3786709,55.4649451],[60.3784413,55.4649791],[60.3786135,55.4653499],[60.3783874,55.4654613],[60.3783457,55.4655792],[60.3785631,55.4658607],[60.3785979,55.4662231],[60.3788945,55.4669928],[60.3792058,55.4670692],[60.3792398,55.4669109],[60.3794076,55.4668498],[60.3798799,55.4669449],[60.3799382,55.4672255],[60.3805374,55.4676278],[60.38036,55.4677708],[60.3799669,55.4677259],[60.3795128,55.4676091],[60.3792954,55.4676515],[60.3794067,55.4678526],[60.379245,55.4679261],[60.3793337,55.4680695],[60.3792806,55.468142],[60.3793198,55.4683121],[60.3791249,55.4683777],[60.3782769,55.4683141],[60.3782561,55.4682101],[60.3776707,55.4679823],[60.3773628,55.4680602],[60.3772315,55.4682801],[60.3768732,55.4681474],[60.3765088,55.4681036],[60.3762687,55.468],[60.3761122,55.4680301],[60.3759739,55.4679823],[60.3755807,55.4680439],[60.3754572,55.4680059],[60.3751085,55.4681134],[60.3749006,55.4680538],[60.3749328,55.4679463],[60.3744849,55.4679798],[60.3743309,55.4682722],[60.3741318,55.468283],[60.3741674,55.4684837],[60.3744275,55.4686567],[60.3744423,55.4687529],[60.3747049,55.46899],[60.3750346,55.4689264],[60.3750432,55.468705],[60.3751511,55.4687159],[60.3755555,55.4687933],[60.3758852,55.468991],[60.3759643,55.4689353],[60.3762131,55.4690073],[60.3762974,55.4689402],[60.376694,55.4689614],[60.3768619,55.4690309],[60.3771846,55.4690393],[60.3775403,55.4691285],[60.3778977,55.4692922],[60.3782169,55.4692927],[60.3785266,55.4694919],[60.378518,55.4695538],[60.3782606,55.4695849],[60.3781819,55.4697076],[60.3770798,55.4700757],[60.3768492,55.470326],[60.3766124,55.470425],[60.3760528,55.4704508],[60.3757102,55.4703633],[60.3755005,55.4702308],[60.375241,55.4701465],[60.3752397,55.4701921],[60.3750897,55.4702085],[60.3747102,55.4701622],[60.3745017,55.4704055],[60.3742963,55.4705338],[60.374016,55.4706675],[60.3735129,55.4707435],[60.3733592,55.4706853],[60.3731655,55.4705068],[60.3731704,55.4707153],[60.3726255,55.4707045],[60.3722405,55.4703684],[60.3722307,55.470496],[60.3719047,55.4705919],[60.3716895,55.4705134],[60.371687,55.4704008],[60.3715757,55.470343],[60.3714791,55.470358],[60.371548,55.4705375],[60.3713764,55.4707404],[60.3707227,55.4708669],[60.3707512,55.4709308],[60.370511,55.4710603],[60.3700682,55.4710624],[60.3698493,55.4709815],[60.3697201,55.4712757],[60.3695172,55.4713113],[60.3694507,55.4713761],[60.3691912,55.4713747],[60.3688653,55.4719931],[60.3684987,55.4723187],[60.368249,55.4723933],[60.3680817,55.4723577],[60.3678321,55.4732954],[60.368035,55.4736328],[60.3681248,55.4741166],[60.3681211,55.4748894],[60.3682712,55.475148],[60.368543,55.4750497],[60.3689009,55.4751128],[60.3693837,55.4753453],[60.3696746,55.4755757],[60.3698419,55.4759128],[60.3703855,55.4765771],[60.3704575,55.4768103],[60.3715319,55.4776294],[60.3715503,55.4779002],[60.3715749,55.4778052],[60.3716032,55.4778788],[60.3714679,55.4779816],[60.3714998,55.4780213],[60.3720255,55.4780118],[60.372559,55.4783275],[60.372677,55.478498],[60.3724876,55.4786179],[60.3719604,55.4789648],[60.3717184,55.4786255],[60.3712976,55.4785511],[60.3708468,55.4785979],[60.3706561,55.4789398],[60.3706629,55.4790921],[60.3708529,55.4792849],[60.3719527,55.4792876],[60.3721896,55.4797269],[60.372272,55.4800275],[60.3719035,55.4807749],[60.3718573,55.4813961],[60.3715526,55.4816302],[60.371396,55.4817781],[60.3710516,55.4819299],[60.3707281,55.4822423],[60.3703054,55.4828357],[60.370448,55.4829619],[60.3701836,55.4833986],[60.3701506,55.4836075],[60.3706899,55.4840695],[60.3710222,55.4845804],[60.372621,55.4862159],[60.371021,55.4863678],[60.3699673,55.485674],[60.3691766,55.484958],[60.3681036,55.4844378],[60.3675355,55.4841238],[60.3673551,55.4836371],[60.3669899,55.4836726],[60.3669029,55.4836046],[60.3668194,55.4834094],[60.3668942,55.4833581],[60.3668785,55.4832517],[60.3667185,55.4831906],[60.3660314,55.4824592],[60.3652886,55.4819309],[60.3650903,55.4817041],[60.3648207,55.4811512],[60.3645734,55.4808946],[60.36427,55.4804859],[60.3643599,55.48025],[60.3640543,55.4796119],[60.3634309,55.4785557],[60.3627244,55.477813],[60.3627629,55.4774555],[60.3627681,55.4773727],[60.3617505,55.4765998],[60.3613017,55.4757224],[60.3608495,55.4755518],[60.3597727,55.474915],[60.3583985,55.4745285],[60.3582037,55.4743767],[60.3578715,55.4742682],[60.3577358,55.4743017],[60.3565112,55.4741243],[60.3551683,55.4737161],[60.3542568,55.4735929],[60.3536898,55.4737299],[60.3533019,55.4739212],[60.3526148,55.4739922],[60.3524965,55.4741065],[60.3521312,55.4742317],[60.3519033,55.4742741],[60.3516163,55.4742564],[60.3510684,55.4746419],[60.3504039,55.4748282],[60.3502282,55.474983],[60.3499447,55.4750974],[60.3481286,55.4761739],[60.3478321,55.4767678],[60.3476207,55.4778004],[60.347913,55.4786063],[60.34814,55.478903],[60.3482034,55.4791051],[60.3481939,55.4791662],[60.3478877,55.4793752],[60.3476738,55.4792382],[60.3474998,55.4792017],[60.3475224,55.4794156],[60.3474589,55.4794768],[60.3476746,55.4795329],[60.3475153,55.4796123],[60.347904,55.4800208],[60.3480787,55.4800947],[60.3480959,55.4802355],[60.3479237,55.4803414],[60.3479557,55.4804041],[60.3477146,55.4804125],[60.3474046,55.4804906],[60.3470504,55.4803707],[60.3466858,55.4804284],[60.3465864,55.4806713],[60.3466598,55.4807563],[60.3475397,55.4809131],[60.3477663,55.4809962],[60.348093,55.4812191],[60.34817,55.4814741],[60.3483563,55.4816478],[60.3481696,55.4817838],[60.3482929,55.4818914],[60.3482229,55.4822427],[60.3488495,55.482713],[60.3487995,55.4832909],[60.3490662,55.4841446],[60.3493628,55.4844581],[60.3497461,55.4846998],[60.3502161,55.4848282],[60.3506426,55.4849141],[60.351056,55.485155],[60.3512193,55.4853042],[60.3515093,55.4854213],[60.3518292,55.4853986],[60.3525492,55.4856347],[60.3528491,55.4858122],[60.3531258,55.4859386],[60.3531991,55.4862125],[60.3533124,55.4863674],[60.3534357,55.4866091],[60.3534302,55.4868209],[60.3535957,55.4871473],[60.3535257,55.4873286],[60.3535391,55.4875666],[60.3533924,55.4877648],[60.3532624,55.4878366],[60.3530125,55.4879046],[60.3529691,55.4880897],[60.3530091,55.48832],[60.3531458,55.4884239],[60.3533324,55.4885825],[60.3534324,55.4887204],[60.3533957,55.4888242],[60.3531724,55.4889338],[60.3528758,55.4890131],[60.3529391,55.4891434],[60.3530958,55.4892302],[60.3533358,55.489336],[60.3534191,55.4893719],[60.3538124,55.4895154],[60.3542523,55.4895871],[60.3546023,55.4898382],[60.3548145,55.4901053],[60.3548852,55.490375],[60.3547579,55.4904578],[60.3546589,55.4907248],[60.3546401,55.4909705],[60.3548663,55.4912936],[60.3549606,55.4914245],[60.3553167,55.4918231],[60.3552764,55.4919585],[60.3546589,55.4920573],[60.3544515,55.4919933],[60.3538812,55.4915072],[60.3534664,55.4913604],[60.3531883,55.4913417],[60.3526745,55.4912589],[60.3516646,55.4910575],[60.3510113,55.490812],[60.3506485,55.4904617],[60.3502714,55.490136],[60.3501047,55.4899132],[60.3494366,55.489455],[60.3487982,55.4889653],[60.3482604,55.4886096],[60.3473695,55.4880702],[60.3472469,55.4878512],[60.3472517,55.4874933],[60.3472006,55.486667],[60.3471305,55.4862729],[60.346434,55.4857435],[60.345684,55.4851373],[60.3452241,55.4848937],[60.3447041,55.4844593],[60.3445086,55.4841912],[60.3445542,55.483906],[60.3444808,55.4836944],[60.3437242,55.4830259],[60.3429391,55.4825043],[60.3427828,55.4822563],[60.3427895,55.4821241],[60.3421496,55.4815914],[60.3415278,55.4811945],[60.3409996,55.4809415],[60.3409196,55.4808244],[60.3406263,55.4807489],[60.340433,55.4806469],[60.340293,55.4804882],[60.3399597,55.4803636],[60.3398131,55.4803749],[60.3397531,55.480458],[60.3394465,55.4804353],[60.3392465,55.4805109],[60.3389198,55.4804844],[60.3387932,55.4805562],[60.3385465,55.48056],[60.3376133,55.4803484],[60.3373867,55.4804127],[60.3370573,55.4804245],[60.3363996,55.4802731],[60.3354221,55.4805613],[60.3349437,55.4803717],[60.3355408,55.4801303],[60.3354693,55.4799001],[60.3351907,55.4796072],[60.3350681,55.4794415],[60.3348513,55.4793774],[60.3345221,55.4793502],[60.3343331,55.4794479],[60.3340931,55.4796557],[60.3338998,55.4797463],[60.3336263,55.4798038],[60.3333999,55.4798483],[60.3330466,55.4798257],[60.332112,55.4796427],[60.331278,55.4794853],[60.330878,55.4794323],[60.3302069,55.479293],[60.3297532,55.4792793],[60.3292941,55.47919],[60.3286737,55.479055],[60.3282071,55.4792552],[60.3280312,55.4793563],[60.3279404,55.4794819],[60.3279037,55.4797925],[60.3280982,55.4800043],[60.3281757,55.4802613],[60.3281379,55.4806228],[60.3275996,55.4808422],[60.3269319,55.4809535],[60.3263138,55.481176],[60.3252618,55.4815147],[60.3244675,55.4823462],[60.3235455,55.4826198],[60.3236683,55.4829996],[60.3228968,55.4837416],[60.3213739,55.4829009],[60.3207028,55.4825622],[60.3197479,55.4826899],[60.3186214,55.4827871],[60.3177524,55.482246],[60.3170979,55.4818995],[60.3158212,55.482088],[60.3144157,55.4824467],[60.3129136,55.4833647],[60.3118729,55.4826899],[60.3111541,55.4819421],[60.3101027,55.4813766],[60.3092551,55.4810301],[60.3075814,55.4801668],[60.306015,55.4779658],[60.3040838,55.4766281],[60.303719,55.475789],[60.3032362,55.4738826],[60.3028125,55.4732563],[60.3024745,55.4725539],[60.3021687,55.4717117],[60.3020239,55.4711674],[60.301702,55.4708421],[60.3013909,55.4705258],[60.3011441,55.4702522],[60.3008974,55.4698569],[60.3006345,55.4690146],[60.3005809,55.4684794],[60.3000122,55.4678499],[60.2998318,55.4672989],[60.2994366,55.4668193],[60.2989447,55.4662047],[60.298242,55.4653137],[60.2983063,55.4649974],[60.2982688,55.4647328],[60.2983439,55.4644743],[60.2979416,55.4643314],[60.2980006,55.4641337],[60.2975777,55.4636592],[60.2969101,55.4625993]],[[60.3172344,55.3636266],[60.31735,55.3637833],[60.3176617,55.3638922],[60.3179079,55.3636309],[60.318206,55.3636679],[60.3182909,55.3634164],[60.3180425,55.3630652],[60.317747,55.3631614],[60.3175249,55.3630244],[60.3172534,55.3630952],[60.3172344,55.3636266]],[[60.3174633,55.3658084],[60.3177626,55.3660286],[60.3181677,55.3663288],[60.3186783,55.3663388],[60.3191714,55.3661987],[60.3187312,55.3657984],[60.3188192,55.3654181],[60.3186959,55.3650078],[60.318379,55.3648676],[60.3178859,55.3645574],[60.3177979,55.3647075],[60.3178331,55.3649577],[60.3177979,55.3653981],[60.3177098,55.3656383],[60.3174633,55.3658084]],[[60.3183585,55.360841],[60.3185375,55.3610744],[60.3188705,55.36083],[60.3189969,55.3608532],[60.3191793,55.3611215],[60.3197556,55.3614553],[60.3200518,55.3614147],[60.3203336,55.3612345],[60.3203428,55.3609381],[60.3201503,55.3607617],[60.3198097,55.3605638],[60.3197525,55.3603737],[60.3192326,55.360133],[60.3188951,55.3604506],[60.3188438,55.3606132],[60.3186637,55.3607164],[60.3184526,55.3607057],[60.3183585,55.360841]],[[60.3189875,55.3623951],[60.3191149,55.3627253],[60.3195602,55.3628656],[60.3196675,55.3629754],[60.3194187,55.3632775],[60.3197553,55.36343],[60.3199518,55.3633473],[60.319941,55.36314],[60.3198177,55.3629144],[60.3199089,55.3625089],[60.3205794,55.362457],[60.3207511,55.3626064],[60.320456,55.362707],[60.3203288,55.3632196],[60.3207261,55.3635875],[60.3211856,55.3636096],[60.3216614,55.3637324],[60.3220143,55.3633468],[60.3217815,55.3627246],[60.3215933,55.3627131],[60.3216308,55.3625912],[60.3214969,55.3623765],[60.3213036,55.362332],[60.3211534,55.3621857],[60.3210568,55.3619265],[60.3211965,55.3618341],[60.3210461,55.3616795],[60.3208873,55.3617968],[60.3203756,55.3618167],[60.3201551,55.3617248],[60.3199518,55.3619082],[60.3198498,55.3620485],[60.3199187,55.3622067],[60.3196514,55.362271],[60.3194207,55.3620911],[60.3190019,55.362137],[60.3189875,55.3623951]],[[60.3228915,55.4754971],[60.3230953,55.4756461],[60.3231811,55.4758254],[60.3234655,55.4760048],[60.3238517,55.47602],[60.3241199,55.4758406],[60.3257775,55.476096],[60.3260136,55.4760231],[60.3259277,55.47564],[60.3257292,55.4753907],[60.3251338,55.4751535],[60.3248173,55.47519],[60.3245705,55.4751626],[60.3242648,55.4751018],[60.3241306,55.4752174],[60.3238249,55.4752903],[60.3235084,55.4753785],[60.3229451,55.4752782],[60.3228915,55.4754971]],[[60.3285885,55.4784978],[60.3288406,55.4786954],[60.3294414,55.4788717],[60.3302193,55.4789599],[60.3306055,55.4788808],[60.3307021,55.4788778],[60.3309005,55.478741],[60.3309166,55.4786072],[60.3307503,55.4785039],[60.330686,55.4784157],[60.3303695,55.4782546],[60.3299564,55.4780782],[60.3294951,55.4780114],[60.3289318,55.478139],[60.3286582,55.4782819],[60.3285885,55.4784978]],[[60.3286099,55.4512339],[60.3288674,55.4516719],[60.3290069,55.4518971],[60.3293073,55.4518545],[60.3291678,55.451246],[60.3288782,55.4508992],[60.3286421,55.4509418],[60.3286099,55.4512339]],[[60.3295594,55.3138315],[60.3295916,55.3138773],[60.3296667,55.3139109],[60.3297418,55.3139384],[60.3298438,55.3139414],[60.3299296,55.3139201],[60.3300905,55.3138498],[60.3302783,55.3138132],[60.3304768,55.3137918],[60.3306484,55.3137338],[60.3306752,55.3136758],[60.3306591,55.3136209],[60.3304875,55.3135049],[60.3301978,55.313453],[60.3301012,55.3134621],[60.3298652,55.3135659],[60.3295648,55.3137735],[60.3295594,55.3138315]],[[60.3296451,55.3764152],[60.329807,55.3767477],[60.3298817,55.3769529],[60.3299564,55.3773137],[60.33033,55.377533],[60.3306164,55.3773844],[60.3311767,55.3774976],[60.3314382,55.3774552],[60.3319362,55.377243],[60.3327082,55.377533],[60.332509,55.3772783],[60.3319985,55.3769387],[60.3315502,55.376486],[60.3312638,55.3764718],[60.3310397,55.3764152],[60.3306288,55.3760968],[60.33033,55.37592],[60.3303051,55.3761039],[60.330193,55.3763162],[60.3298942,55.3763657],[60.3296451,55.3764152]],[[60.3308737,55.3752701],[60.3313243,55.3754225],[60.3312814,55.375581],[60.3314531,55.375648],[60.3315657,55.3755292],[60.3317749,55.3755109],[60.3321022,55.3756115],[60.332011,55.3755383],[60.3320646,55.3754164],[60.3318876,55.3753554],[60.3318018,55.3752442],[60.3317267,55.3752396],[60.3315765,55.3751238],[60.3315014,55.3750201],[60.3309327,55.3751482],[60.3308737,55.3752701]],[[60.333057,55.3196741],[60.3331858,55.3197504],[60.3332341,55.3197962],[60.3334057,55.3198725],[60.3334594,55.3199244],[60.3334647,55.3200252],[60.3333735,55.32019],[60.3333896,55.3203487],[60.3335506,55.3203517],[60.3337544,55.3203395],[60.3339422,55.3203456],[60.3339904,55.3203914],[60.3340065,55.3204464],[60.3340602,55.320486],[60.3341567,55.3204891],[60.3342318,55.3204586],[60.3345162,55.3202388],[60.3345913,55.320135],[60.3345644,55.3200831],[60.3344679,55.3200862],[60.3343874,55.3201137],[60.3343177,55.3201472],[60.3341943,55.3202785],[60.3341192,55.320309],[60.3340441,55.3202815],[60.3340495,55.3202297],[60.3341192,55.3201228],[60.3346932,55.3196009],[60.334956,55.3194361],[60.3351116,55.3193567],[60.335176,55.3193109],[60.3352565,55.3192163],[60.3355515,55.3189965],[60.3355676,55.3189446],[60.3355408,55.3188317],[60.3355086,55.3187859],[60.3354227,55.3187859],[60.3348327,55.3188988],[60.3343391,55.3190881],[60.3341621,55.3191156],[60.3340656,55.3191064],[60.3340387,55.3190576],[60.334205,55.3187981],[60.334205,55.3186882],[60.3341836,55.3186394],[60.3341192,55.3185997],[60.3339368,55.3188317],[60.3336686,55.3191247],[60.3335291,55.3193506],[60.3333843,55.3194635],[60.3331,55.3196192],[60.333057,55.3196741]],[[60.3332829,55.4544542],[60.3333473,55.4548436],[60.3332883,55.4551143],[60.3340018,55.4555128],[60.3340447,55.4556892],[60.3337013,55.4560238],[60.3337973,55.4564266],[60.3341627,55.4565835],[60.3346241,55.4570671],[60.3343719,55.4572618],[60.334785,55.457496],[60.3352249,55.4574352],[60.3359973,55.4573439],[60.3364265,55.4571979],[60.3370488,55.4569668],[60.3374136,55.4567599],[60.3373063,55.4564861],[60.3367531,55.4560372],[60.3363299,55.4555919],[60.335772,55.4551782],[60.3352463,55.4545941],[60.3346991,55.4543203],[60.3344309,55.4541865],[60.3337979,55.4542352],[60.3332829,55.4544542]],[[60.3344196,55.3121128],[60.3344518,55.3121616],[60.3345376,55.312183],[60.3349185,55.3121372],[60.3350848,55.3120914],[60.3351653,55.3120548],[60.3352565,55.3120548],[60.3354013,55.3121219],[60.3355998,55.3121036],[60.3357714,55.3120548],[60.3358532,55.3120067],[60.3358465,55.311951],[60.3355944,55.3118991],[60.3354067,55.3119021],[60.3351223,55.3119326],[60.3349507,55.3119723],[60.3346825,55.3119998],[60.3345108,55.3120334],[60.3344411,55.312067],[60.3344196,55.3121128]],[[60.3367638,55.429537],[60.3369248,55.4300362],[60.3369141,55.4303649],[60.3370964,55.4306024],[60.3374827,55.4306511],[60.3379869,55.4301701],[60.3379118,55.429817],[60.3371501,55.4290074],[60.3370321,55.4288247],[60.3367853,55.429123],[60.3367638,55.429537]],[[60.3369677,55.3098535],[60.3370106,55.3099635],[60.3370964,55.3100551],[60.3372896,55.3102321],[60.337472,55.3102566],[60.3378582,55.3102382],[60.3382444,55.3102382],[60.3384483,55.3102199],[60.3389847,55.3100489],[60.3398538,55.3098963],[60.3406906,55.3099696],[60.3406477,55.3100734],[60.3405511,55.3101711],[60.3403151,55.3103481],[60.3403258,55.3104581],[60.3406691,55.3103787],[60.3408515,55.3103726],[60.3411949,55.3104581],[60.3413772,55.3104153],[60.3417206,55.3103298],[60.3418708,55.3102627],[60.3419673,55.3101711],[60.3418386,55.3100978],[60.3418708,55.3099818],[60.3420317,55.3099207],[60.3421605,55.3098413],[60.3425038,55.3095727],[60.3426433,55.3094994],[60.3429866,55.3093895],[60.3434908,55.3091941],[60.3441667,55.3089987],[60.3442955,55.3089132],[60.3444672,55.3088338],[60.3448105,55.3087422],[60.345186,55.308675],[60.3453362,55.3086201],[60.3454864,55.3085407],[60.3455508,55.308327],[60.3456366,55.3082293],[60.3469884,55.3076079],[60.3469589,55.3075759],[60.3457868,55.307698],[60.3439307,55.3078934],[60.343759,55.3078934],[60.3435767,55.3078629],[60.3435123,55.3077652],[60.3433084,55.3077774],[60.3428471,55.3080278],[60.3414416,55.3083697],[60.3406477,55.3086567],[60.3403151,55.3087239],[60.3399503,55.3088155],[60.3395963,55.3088827],[60.3394139,55.3089315],[60.3388452,55.3089804],[60.3386629,55.3090231],[60.3384697,55.3090781],[60.3380835,55.309304],[60.3379333,55.3093528],[60.3373539,55.3095971],[60.3370857,55.3097558],[60.3369677,55.3098535]],[[60.3371233,55.3124364],[60.3371286,55.3125371],[60.3371769,55.3125799],[60.3373593,55.3125951],[60.3376543,55.3125677],[60.3382766,55.3124028],[60.3383571,55.3123662],[60.3384697,55.3122807],[60.3386682,55.3121616],[60.3387487,55.3121311],[60.3388023,55.3120883],[60.3387487,55.3120426],[60.3386629,55.3120273],[60.3385717,55.3120273],[60.3377455,55.3122013],[60.3375041,55.3122746],[60.3374076,55.3122929],[60.3372949,55.3122959],[60.3372359,55.3123509],[60.3371233,55.3124364]],[[60.3372037,55.3146039],[60.3372091,55.3146527],[60.3372949,55.3146649],[60.3373808,55.3146436],[60.3377402,55.3143658],[60.337826,55.3142681],[60.3377589,55.3142482],[60.3374773,55.3143963],[60.3372037,55.3146039]],[[60.3385931,55.4637718],[60.338797,55.4641033],[60.3392798,55.4641064],[60.3403902,55.4643588],[60.3412968,55.4646629],[60.3417098,55.4648454],[60.3419744,55.4653839],[60.342654,55.4657182],[60.3429329,55.4659979],[60.3435874,55.4660466],[60.3441292,55.4658824],[60.3444242,55.4657455],[60.3447676,55.4658641],[60.3449553,55.4658003],[60.3445476,55.4652529],[60.3445369,55.4649549],[60.3441614,55.4643101],[60.3440273,55.4636745],[60.3437805,55.4634403],[60.3436947,55.4637445],[60.3437751,55.4640182],[60.3436249,55.4642432],[60.3434211,55.4640729],[60.3430885,55.4640668],[60.3428149,55.4638844],[60.3425252,55.4631362],[60.3433138,55.4623789],[60.3436249,55.4625158],[60.3440541,55.4622938],[60.3446335,55.4620809],[60.3452235,55.4614543],[60.3447246,55.4609434],[60.3439254,55.4605754],[60.3427935,55.4604294],[60.3411841,55.4612019],[60.3408998,55.4616733],[60.3414845,55.4617554],[60.3417957,55.4624732],[60.3413933,55.4624641],[60.3413075,55.4628716],[60.3409213,55.463486],[60.3401971,55.463121],[60.3397733,55.4627408],[60.3392154,55.462975],[60.3385931,55.4637718]],[[60.3399557,55.3111664],[60.3399651,55.3112343],[60.3400522,55.3112793],[60.34024,55.3112671],[60.3404707,55.311203],[60.340637,55.3110748],[60.3408301,55.3109618],[60.340932,55.3108275],[60.3408676,55.3107878],[60.340696,55.3108397],[60.3404814,55.3109465],[60.3402883,55.310974],[60.3402078,55.3110015],[60.3399557,55.3111664]],[[60.3400429,55.4149997],[60.3400605,55.4152496],[60.3402014,55.4154795],[60.3405184,55.4157493],[60.3404127,55.4159292],[60.3408882,55.4163091],[60.341029,55.416449],[60.3415397,55.4161291],[60.3418743,55.4160492],[60.3423321,55.4160992],[60.3430541,55.4162591],[60.3433887,55.416329],[60.343688,55.4161991],[60.3436176,55.4160492],[60.3434943,55.4158493],[60.3434591,55.4155794],[60.343283,55.4152496],[60.3433183,55.4149097],[60.3429485,55.4148997],[60.34279,55.4146198],[60.3427724,55.41432],[60.3422617,55.4140701],[60.3417686,55.41421],[60.3415045,55.41433],[60.3411523,55.4144099],[60.3408001,55.4145799],[60.3404479,55.4147498],[60.3400429,55.4149997]],[[60.3437988,55.4683842],[60.3442567,55.4691542],[60.3448672,55.4695176],[60.3454943,55.4695737],[60.3461565,55.4695882],[60.3469998,55.4688402],[60.3470803,55.4682718],[60.3459051,55.467571],[60.3450656,55.4676142],[60.3437988,55.4683842]],[[60.3441399,55.3326475],[60.3442258,55.3327909],[60.3442901,55.3331174],[60.3443974,55.3333249],[60.3444618,55.3333646],[60.3446817,55.3333951],[60.3447622,55.3334317],[60.3451431,55.3334042],[60.3453201,55.3334317],[60.3457439,55.3336575],[60.3462321,55.3336788],[60.3466237,55.3338192],[60.3467578,55.3339565],[60.3469509,55.333929],[60.3472513,55.3337948],[60.3474498,55.3337917],[60.347718,55.3337368],[60.3477824,55.3335751],[60.3477502,55.3334103],[60.3476697,55.3332547],[60.3474766,55.3330747],[60.3471225,55.3329069],[60.3459746,55.3327726],[60.345642,55.3328245],[60.3452396,55.3324187],[60.3453308,55.332263],[60.3452772,55.3321623],[60.3449124,55.3319976],[60.3446549,55.3319457],[60.3445154,55.3320037],[60.3442579,55.3323302],[60.3441399,55.3326475]],[[60.3442043,55.3285585],[60.3442553,55.3286027],[60.3445879,55.3286836],[60.3449553,55.3286699],[60.3453308,55.3287431],[60.3457385,55.3288865],[60.345929,55.3290452],[60.3460765,55.3292176],[60.3463152,55.3293214],[60.3463903,55.3294511],[60.3462321,55.3297517],[60.3462508,55.3298798],[60.3467658,55.3304337],[60.3471467,55.3306931],[60.3474095,55.3310287],[60.3476402,55.3312057],[60.3477153,55.3313079],[60.347869,55.3313988],[60.3480399,55.3313919],[60.3482142,55.3313476],[60.3483778,55.3312072],[60.3487211,55.3310165],[60.3488713,55.3309723],[60.3489974,55.331015],[60.3490564,55.3309082],[60.349153,55.3308624],[60.349389,55.3308197],[60.3494588,55.3307755],[60.3495795,55.3306534],[60.349963,55.3305069],[60.3501829,55.3302201],[60.3502339,55.329921],[60.3502178,55.3298539],[60.3501481,55.3297807],[60.3501588,55.3296952],[60.3504753,55.3293245],[60.3505746,55.3290483],[60.3506523,55.3290208],[60.3507757,55.3289247],[60.3511083,55.3288576],[60.3511754,55.3288591],[60.3517547,55.3286989],[60.3520444,55.32865],[60.3523394,55.3286638],[60.3524253,55.3286867],[60.3524387,55.3287111],[60.352385,55.3289186],[60.3524306,55.3289262],[60.352495,55.3288896],[60.3525379,55.3288072],[60.3526908,55.3287401],[60.3527632,55.328647],[60.3531951,55.3285448],[60.3538039,55.3284837],[60.3545871,55.3285982],[60.3550351,55.3287858],[60.3554428,55.3289247],[60.3556815,55.3289369],[60.3558129,55.328975],[60.3558692,55.3289613],[60.3559792,55.3288057],[60.3561079,55.3287111],[60.3561401,55.3286577],[60.3561991,55.3286165],[60.3563601,55.3285692],[60.3563601,55.3284929],[60.3562662,55.3283739],[60.3563225,55.3281648],[60.356462,55.3280458],[60.3565612,55.328026],[60.3565854,55.3280046],[60.3566202,55.3276674],[60.35669,55.3274751],[60.3568161,55.3273927],[60.3569153,55.32726],[60.3569287,55.3271517],[60.3570199,55.3270586],[60.3570172,55.3269487],[60.3570762,55.3268419],[60.3572264,55.3267336],[60.3572157,55.3264269],[60.3574008,55.3262605],[60.3574491,55.326256],[60.3576824,55.326082],[60.357551,55.3261034],[60.3573284,55.3260927],[60.3572372,55.3261873],[60.357146,55.3261766],[60.3569958,55.3261186],[60.3564057,55.3256517],[60.3564352,55.3255937],[60.3563869,55.3255754],[60.3563198,55.3256105],[60.3561723,55.3257417],[60.3557995,55.3259111],[60.3555098,55.3259904],[60.3551853,55.3260133],[60.3548768,55.3260698],[60.3545161,55.3262163],[60.3541607,55.3262834],[60.3538012,55.3262178],[60.3537101,55.3262361],[60.3535786,55.3263078],[60.3535062,55.3264299],[60.3534472,55.3264711],[60.3533506,55.3265291],[60.353128,55.3266176],[60.3527981,55.3267183],[60.352664,55.3267381],[60.3522187,55.3267336],[60.3521329,55.326758],[60.3520203,55.326845],[60.3515804,55.3269945],[60.3513604,55.327051],[60.3511754,55.3271349],[60.3510654,55.3271318],[60.3509903,55.3271074],[60.3509393,55.327112],[60.3508669,55.3271456],[60.3507945,55.3272142],[60.3504994,55.3273729],[60.3502715,55.3274385],[60.3502661,55.3274645],[60.3503144,55.3274751],[60.3503278,55.3274996],[60.3502312,55.327553],[60.3501937,55.3275667],[60.3500864,55.3275209],[60.3499979,55.3275255],[60.3498986,55.3276186],[60.3497726,55.3275667],[60.3497162,55.3274568],[60.3493166,55.3272371],[60.3492844,55.3271852],[60.3493085,55.3271059],[60.349161,55.3269502],[60.3490832,55.3269045],[60.3490913,55.3267412],[60.349035,55.326671],[60.3488338,55.3265657],[60.348807,55.3266603],[60.3486729,55.3266664],[60.3484341,55.3265962],[60.3480479,55.326581],[60.348013,55.3265611],[60.3480586,55.3264818],[60.3479996,55.3264467],[60.3478307,55.3264757],[60.3477395,55.3264726],[60.3476509,55.3264482],[60.3475034,55.3261766],[60.3474015,55.3261308],[60.3473827,55.3261064],[60.3473908,55.3260774],[60.3476053,55.3260027],[60.3476804,55.3258714],[60.3474873,55.325757],[60.3472674,55.3257097],[60.3470823,55.325699],[60.3470448,55.3256853],[60.3470045,55.3256929],[60.3469267,55.3257555],[60.3468892,55.3258592],[60.3466558,55.3259523],[60.3465459,55.3259782],[60.3464842,55.3260271],[60.34646,55.3260835],[60.3462964,55.3261552],[60.3461999,55.3261705],[60.3461248,55.3262071],[60.3458941,55.3264162],[60.3457788,55.3264543],[60.345583,55.3265672],[60.3455266,55.3267198],[60.3454837,55.3269762],[60.3456044,55.3273943],[60.3454542,55.3275118],[60.3451511,55.3276399],[60.3452075,55.327733],[60.3451377,55.3278276],[60.3445047,55.3282991],[60.3443357,55.3284853],[60.3442043,55.3285585]],[[60.3443089,55.3292009],[60.344333,55.3293031],[60.3444618,55.3294114],[60.3445101,55.3294221],[60.3449687,55.3292634],[60.3450251,55.3292146],[60.3451484,55.3290284],[60.3451404,55.3289689],[60.3450546,55.32894],[60.3449795,55.3290223],[60.3447415,55.3290281],[60.3443089,55.3292009]],[[60.3458834,55.3097925],[60.3463125,55.3097925],[60.3465056,55.3099635],[60.3468704,55.3098535],[60.3470421,55.3097803],[60.3471708,55.3096948],[60.3475772,55.3095711],[60.3477636,55.3094521],[60.3477582,55.3093887],[60.3475222,55.3093696],[60.3472459,55.3094444],[60.3470635,55.3094628],[60.3469026,55.3095055],[60.3467202,55.3094933],[60.3467846,55.3093895],[60.3469133,55.3092918],[60.3470206,55.3091819],[60.3470206,55.3090781],[60.3468275,55.3090842],[60.3465593,55.3091758],[60.3462374,55.3093834],[60.3460765,55.3095666],[60.3459477,55.3096826],[60.3458834,55.3097925]],[[60.3468457,55.4591897],[60.3470213,55.4598329],[60.3477235,55.4598865],[60.3479666,55.4602234],[60.3480071,55.4603191],[60.3476155,55.46061],[60.3475479,55.4607708],[60.3479801,55.4612378],[60.347764,55.4614599],[60.347899,55.4617814],[60.3474129,55.4621259],[60.3485691,55.4629528],[60.3500867,55.4622752],[60.349479,55.4609124],[60.3492494,55.4594424],[60.3481961,55.45896],[60.3478855,55.4590443],[60.3473319,55.4589371],[60.3468457,55.4591897]],[[60.347163,55.4392431],[60.348324,55.4397675],[60.3487969,55.4393529],[60.3482595,55.4385967],[60.3482165,55.4381942],[60.3475715,55.4379869],[60.3473565,55.4383162],[60.3477005,55.4385357],[60.347163,55.4392431]],[[60.3476575,55.4404017],[60.3481305,55.4410115],[60.348281,55.4408773],[60.3487109,55.4411091],[60.3493559,55.4410725],[60.3499579,55.440792],[60.3496569,55.4402554],[60.3490334,55.4398895],[60.348238,55.4400846],[60.3476575,55.4404017]],[[60.3486037,55.4431608],[60.3487539,55.4434286],[60.3491187,55.4438424],[60.3495908,55.4443293],[60.349977,55.4442076],[60.3503837,55.4442148],[60.3506636,55.4442197],[60.3513503,55.4442197],[60.3517365,55.4438181],[60.3516292,55.4434408],[60.3511357,55.4430148],[60.3504705,55.4427227],[60.3499126,55.4426253],[60.3495908,55.4428079],[60.3491187,55.4427592],[60.3488612,55.4424549],[60.3486466,55.4428687],[60.3486037,55.4431608]],[[60.3498396,55.3375354],[60.3498396,55.3376163],[60.3499469,55.3377292],[60.3499952,55.3378085],[60.3502071,55.3380297],[60.3502554,55.338167],[60.3503868,55.3381853],[60.3503975,55.3382799],[60.3504834,55.3382738],[60.3504887,55.3381639],[60.3506201,55.3379244],[60.3508159,55.3377444],[60.3510091,55.3375156],[60.35117,55.3374226],[60.3511807,55.3373432],[60.3512236,55.3372639],[60.3513175,55.3371693],[60.3513524,55.3370763],[60.3514597,55.3369512],[60.3514677,55.3369253],[60.3514409,55.3368749],[60.3512692,55.3368276],[60.3510359,55.33682],[60.3504968,55.3368871],[60.3503439,55.3369603],[60.3500193,55.3372319],[60.3498772,55.3373798],[60.3498825,55.3374882],[60.3498396,55.3375354]],[[60.3498799,55.3209195],[60.3499255,55.3210232],[60.349912,55.3211331],[60.3499389,55.3212094],[60.3499684,55.3212598],[60.3500703,55.3213163],[60.3501374,55.321449],[60.3503546,55.3214353],[60.3504512,55.3214445],[60.3507864,55.3215589],[60.3509179,55.3215452],[60.3509447,55.3214673],[60.3510144,55.3214063],[60.3511137,55.3213971],[60.3512961,55.321417],[60.3514892,55.3213956],[60.3515696,55.3213636],[60.3516555,55.3212827],[60.3517923,55.3212506],[60.3519398,55.3212522],[60.3521034,55.3213102],[60.3521946,55.3213193],[60.3523019,55.3212506],[60.3523985,55.321243],[60.3525245,55.3212842],[60.3525916,55.3213529],[60.3531253,55.3214277],[60.3532729,55.321562],[60.3533185,55.3215711],[60.3534499,55.3215467],[60.3535303,55.3215742],[60.3539273,55.3214292],[60.3540775,55.3213498],[60.3543404,55.3212644],[60.3544396,55.3212491],[60.3546166,55.3211881],[60.3547507,55.3212018],[60.3550538,55.3214185],[60.3551397,55.3214429],[60.355204,55.3214872],[60.3552684,55.3215879],[60.3553516,55.3218779],[60.3552765,55.3219999],[60.3551799,55.3220091],[60.355086,55.3221571],[60.3550914,55.3222624],[60.3551155,55.3222823],[60.355196,55.3222533],[60.3552845,55.322267],[60.3552818,55.3223769],[60.3551128,55.3225371],[60.3551128,55.3227264],[60.3552228,55.3228103],[60.3552818,55.3229598],[60.355373,55.322972],[60.3554401,55.3230102],[60.3556278,55.3230041],[60.3556627,55.3229843],[60.3556654,55.3229553],[60.3555635,55.3228133],[60.3555447,55.3227569],[60.3555554,55.3226485],[60.3556949,55.322473],[60.355888,55.3223113],[60.3559604,55.3221358],[60.3560999,55.3220137],[60.3565854,55.3217909],[60.3566122,55.3217604],[60.3568134,55.3217024],[60.356926,55.3215955],[60.356977,55.3215085],[60.3569448,55.3214002],[60.3568509,55.3212949],[60.3568509,55.3212369],[60.3568938,55.3211545],[60.3571191,55.320924],[60.3572667,55.3208096],[60.3573498,55.3206814],[60.3574625,55.3206234],[60.3575724,55.3205334],[60.3576609,55.3203655],[60.3577977,55.320277],[60.3579748,55.3202403],[60.3579533,55.3201915],[60.3580338,55.3200923],[60.3580257,55.3200374],[60.3579989,55.3200145],[60.3578755,55.3199748],[60.35772,55.3198176],[60.357618,55.3197581],[60.3572559,55.3197428],[60.3569207,55.3198496],[60.3567839,55.3198619],[60.3566498,55.3198435],[60.3563413,55.3197367],[60.3563145,55.3197886],[60.3561938,55.3198283],[60.3560999,55.3198359],[60.3557029,55.3196558],[60.3556573,55.3196482],[60.3555366,55.3196863],[60.3553945,55.3196924],[60.355145,55.319755],[60.3548741,55.3197596],[60.3545845,55.3196635],[60.3543913,55.3196482],[60.3539595,55.3194971],[60.3539219,55.3195078],[60.3538415,55.3195765],[60.3537878,55.3195917],[60.3535625,55.3196024],[60.353246,55.3195887],[60.3527445,55.319494],[60.3526103,55.3195276],[60.3525647,55.3195276],[60.3525326,55.3195078],[60.3524896,55.3195185],[60.3524333,55.3195871],[60.3521463,55.3196879],[60.3519908,55.3197688],[60.3519425,55.319842],[60.3518862,55.3198817],[60.3517574,55.3199046],[60.3517225,55.3199534],[60.3517118,55.3200313],[60.3516152,55.3201259],[60.3512666,55.3202083],[60.3512773,55.3203807],[60.3512505,55.3204311],[60.3509796,55.3205379],[60.3507945,55.320718],[60.3506738,55.3207562],[60.3503868,55.3207669],[60.350258,55.3207928],[60.3501159,55.3208523],[60.3498799,55.3209195]],[[60.3499129,55.414221],[60.3500978,55.414236],[60.3504588,55.414401],[60.3508726,55.4144709],[60.3515242,55.4146459],[60.3519908,55.4145409],[60.3526424,55.4146059],[60.3528449,55.414306],[60.3531442,55.4141061],[60.3529153,55.4137562],[60.3528008,55.4134914],[60.3523958,55.4133114],[60.3520612,55.4131365],[60.3517531,55.4132964],[60.3513569,55.4132515],[60.3506085,55.4131265],[60.3503796,55.4134514],[60.3501418,55.4136113],[60.3499217,55.4139262],[60.3499129,55.414221]],[[60.3500622,55.3251573],[60.3500783,55.3252931],[60.3502151,55.3253267],[60.3502715,55.3253999],[60.3505129,55.3255403],[60.3506094,55.3255647],[60.3507087,55.3255647],[60.3509581,55.3255418],[60.3510949,55.3255098],[60.3514194,55.3253572],[60.3519639,55.3251573],[60.3520712,55.3251542],[60.3523502,55.3252015],[60.352436,55.3252259],[60.3524923,55.3252672],[60.3525031,55.325374],[60.3524548,55.3254991],[60.3524736,55.3255861],[60.3525111,55.3256105],[60.352605,55.3256242],[60.3527659,55.3257631],[60.3529108,55.3258028],[60.3533587,55.3258226],[60.353474,55.3258714],[60.353643,55.3260088],[60.3539139,55.3260667],[60.3543538,55.3261057],[60.3545348,55.3260706],[60.3545925,55.3260156],[60.3546944,55.3259798],[60.3547105,55.3259523],[60.3547052,55.3258455],[60.3546408,55.3257204],[60.3548419,55.3254838],[60.3553194,55.325168],[60.3554401,55.3251207],[60.3556895,55.3251161],[60.3557834,55.3251313],[60.3558853,55.3252504],[60.3558934,55.3253053],[60.3558558,55.3254381],[60.3558612,55.325464],[60.3559014,55.3254747],[60.3561187,55.3252885],[60.3563628,55.3251741],[60.3563923,55.3253145],[60.3565371,55.3253206],[60.3565854,55.3253099],[60.3567597,55.3252137],[60.3569984,55.3252153],[60.3571674,55.3253022],[60.357323,55.3253496],[60.3573686,55.325348],[60.3574893,55.3253053],[60.3575429,55.325229],[60.357559,55.325084],[60.3575081,55.3249833],[60.3575376,55.324846],[60.3577495,55.3246461],[60.3578407,55.3245988],[60.3578916,55.324524],[60.3579614,55.3244874],[60.3581116,55.3243317],[60.3580995,55.3242516],[60.3582484,55.3240502],[60.3584656,55.3238274],[60.358467,55.3237999],[60.3583328,55.3238083],[60.3582041,55.3237511],[60.3582014,55.3236855],[60.3582524,55.3236038],[60.3581075,55.3236298],[60.3579453,55.3237099],[60.3574692,55.3238976],[60.3573123,55.3239357],[60.3570776,55.3239174],[60.3570266,55.3238922],[60.3569984,55.3238533],[60.3563923,55.3239121],[60.3560583,55.3240632],[60.3557324,55.324173],[60.3551477,55.3243394],[60.3551732,55.3241288],[60.3551558,55.3240906],[60.3551061,55.3240586],[60.3550377,55.3240609],[60.3550069,55.3240799],[60.3549935,55.324144],[60.3550726,55.3241723],[60.3550968,55.3242158],[60.3550565,55.3243455],[60.3549602,55.3244296],[60.35496,55.3246095],[60.3547239,55.3248033],[60.3544611,55.3249284],[60.354327,55.3249574],[60.353989,55.3249208],[60.353643,55.324936],[60.3534901,55.3249925],[60.3530663,55.3251054],[60.3529644,55.3252],[60.3527981,55.3251588],[60.3527579,55.3250825],[60.3528088,55.3250047],[60.3528786,55.3247331],[60.3529295,55.3246232],[60.3528786,55.3243409],[60.3528786,55.324202],[60.3530422,55.3239441],[60.3530234,55.323616],[60.352715,55.3233413],[60.3525326,55.3232528],[60.3521597,55.3231491],[60.3516716,55.3230667],[60.3515294,55.3229995],[60.3514865,55.323001],[60.351465,55.3230239],[60.3514758,55.3231033],[60.3515053,55.3231247],[60.3515965,55.3231231],[60.351634,55.3231369],[60.3516448,55.3231613],[60.3516045,55.3232666],[60.3515482,55.3233307],[60.3515428,55.3235489],[60.3512987,55.3239182],[60.3513095,55.3239731],[60.3512827,55.3240555],[60.3510198,55.3243638],[60.3506497,55.324521],[60.3505397,55.3247483],[60.3504324,55.3247972],[60.3500622,55.3251573]],[[60.3515918,55.4374015],[60.3524733,55.4376942],[60.3537847,55.4381455],[60.3544512,55.4378771],[60.3536772,55.4371819],[60.3538277,55.4368526],[60.3528388,55.4363282],[60.3521078,55.4359013],[60.3518498,55.436072],[60.3518283,55.4366819],[60.3515918,55.4374015]],[[60.3517789,55.30655],[60.351854,55.3065897],[60.3519612,55.3065927],[60.3521222,55.3065439],[60.3522938,55.3065133],[60.352385,55.3065255],[60.3526747,55.3065194],[60.352841,55.3064828],[60.3532273,55.3064431],[60.3534096,55.3064065],[60.3539997,55.3062416],[60.3543216,55.3061683],[60.3544986,55.3061408],[60.3546435,55.3060736],[60.3546005,55.3060278],[60.3544021,55.3060217],[60.3540266,55.3061103],[60.3539193,55.3061286],[60.3537315,55.3061378],[60.3536403,55.3061591],[60.3534311,55.3062721],[60.3532487,55.3063301],[60.3529644,55.3063729],[60.3526694,55.3063912],[60.3522831,55.3063942],[60.3521115,55.306437],[60.3519237,55.3064645],[60.3517789,55.30655]],[[60.3529537,55.3090231],[60.3529858,55.3091391],[60.3531575,55.3090964],[60.3535974,55.3088827],[60.35393,55.3087727],[60.3541338,55.3087666],[60.354327,55.30873],[60.3545093,55.3086934],[60.3548527,55.3085773],[60.3550565,55.3085468],[60.3552389,55.3085529],[60.3555071,55.3087117],[60.3557539,55.3088888],[60.3559041,55.3090719],[60.3560865,55.3090414],[60.3561187,55.3089315],[60.3560221,55.3088399],[60.3561079,55.3087361],[60.3562689,55.3086689],[60.3563976,55.3085895],[60.3564727,55.3084735],[60.3563869,55.3083819],[60.3563332,55.3082842],[60.3564083,55.3080705],[60.3563976,55.3078873],[60.356226,55.3078873],[60.3558612,55.3079117],[60.35555,55.307985],[60.3553676,55.307985],[60.3550029,55.3079545],[60.3548205,55.3079239],[60.3546488,55.3078812],[60.3544986,55.3078201],[60.354327,55.3078323],[60.3541767,55.3078751],[60.3540158,55.3078995],[60.353651,55.3078385],[60.3534686,55.3078385],[60.353297,55.307869],[60.3531468,55.3079362],[60.3530395,55.3080216],[60.3530395,55.3081316],[60.3531682,55.3083209],[60.3532755,55.3086445],[60.3532433,55.3087605],[60.3530288,55.3089315],[60.3529537,55.3090231]],[[60.3534071,55.4009355],[60.353488,55.4009956],[60.3546772,55.401038],[60.355113,55.4010133],[60.3560469,55.401031],[60.3567441,55.4012254],[60.3577839,55.4010486],[60.3574539,55.4008577],[60.3567379,55.4007658],[60.3560282,55.4007093],[60.3553994,55.4007375],[60.3551068,55.400734],[60.3548515,55.4006244],[60.3543534,55.4005961],[60.3541106,55.4007163],[60.353874,55.4007057],[60.3535503,55.400833],[60.3534071,55.4009355]],[[60.354504,55.3065347],[60.3545093,55.3066385],[60.3546971,55.3066629],[60.3551906,55.3066324],[60.3554696,55.3065866],[60.3556466,55.3065347],[60.3558451,55.3064981],[60.3559524,55.3064889],[60.3566283,55.306495],[60.3567249,55.3064919],[60.3569341,55.3064675],[60.3571004,55.3064217],[60.3571594,55.3063729],[60.357213,55.306321],[60.3572398,55.3062629],[60.3572345,55.306211],[60.3569716,55.3061072],[60.3565049,55.3060981],[60.3564298,55.3060645],[60.3563976,55.3059576],[60.3563118,55.3059576],[60.3561187,55.3059759],[60.3559524,55.3060065],[60.3556144,55.3060858],[60.3553033,55.3062019],[60.3551638,55.3062202],[60.3547561,55.3063087],[60.354504,55.3065347]],[[60.3557244,55.3229614],[60.3558022,55.3230834],[60.35588,55.323143],[60.3559712,55.3231308],[60.3561589,55.3231384],[60.3561884,55.3232162],[60.3562152,55.3232361],[60.3562608,55.3232284],[60.3563172,55.3231521],[60.3565022,55.3230377],[60.3565398,55.3229827],[60.3571138,55.3227355],[60.3572264,55.3226455],[60.3575805,55.322499],[60.3576636,55.3224334],[60.3578863,55.3223189],[60.3580981,55.3221342],[60.3581652,55.3220976],[60.3586212,55.3219542],[60.3586426,55.3219313],[60.3585595,55.3219297],[60.3585112,55.3218824],[60.3586212,55.321771],[60.3585327,55.3217665],[60.3584495,55.321742],[60.3583047,55.321742],[60.3580981,55.3217909],[60.3571621,55.321942],[60.3570574,55.3219893],[60.3569904,55.3220549],[60.3562877,55.3223586],[60.3561643,55.3224486],[60.3558424,55.3225325],[60.3558129,55.3225783],[60.3558263,55.3226302],[60.3559095,55.3226623],[60.3559095,55.322766],[60.3557432,55.3228835],[60.3557244,55.3229614]],[[60.3573149,55.3090658],[60.357331,55.3091208],[60.3573954,55.3091544],[60.3575885,55.3091635],[60.358243,55.3093254],[60.3582913,55.3094292],[60.3582966,55.3095391],[60.3582323,55.309762],[60.3581786,55.3098658],[60.3580767,55.3099604],[60.3581035,55.3100093],[60.3581947,55.3100245],[60.3582108,55.3100764],[60.3582054,55.3102962],[60.3582752,55.3103359],[60.358361,55.3103115],[60.3584146,55.3102657],[60.3585058,55.310055],[60.3585058,55.3098902],[60.3585327,55.3098383],[60.3586239,55.3098352],[60.35864,55.3100459],[60.3586239,55.3101589],[60.3585488,55.3102993],[60.3584522,55.3105619],[60.3582001,55.310626],[60.3581089,55.3106321],[60.3580552,55.3106748],[60.3580713,55.3107847],[60.3583449,55.3107939],[60.3584093,55.3108305],[60.3584415,55.3109282],[60.3584254,55.3110931],[60.358302,55.3113007],[60.3581732,55.3114381],[60.3579318,55.3115938],[60.3578567,55.3116304],[60.3576851,55.3116731],[60.3576261,55.3117159],[60.3576904,55.3117525],[60.3577495,55.3118502],[60.357846,55.3118533],[60.3579372,55.311835],[60.3580391,55.3117373],[60.3581303,55.3117159],[60.3581303,55.3117678],[60.3580874,55.3118136],[60.3581035,55.3118655],[60.3582001,55.3118563],[60.3583449,55.3117769],[60.3585809,55.3116823],[60.3586721,55.3116518],[60.3587687,55.3116487],[60.3588653,55.3116518],[60.3589404,55.3116823],[60.359112,55.3118105],[60.3592032,55.3118258],[60.3592998,55.3118258],[60.3594983,55.3118044],[60.3597665,55.3117281],[60.3600562,55.3116915],[60.3602385,55.3116487],[60.3606462,55.3115113],[60.3607535,55.31149],[60.3613436,55.3111786],[60.3614241,55.3110442],[60.3613597,55.3109465],[60.3612095,55.3108977],[60.3611666,55.3108488],[60.3614026,55.310745],[60.3614938,55.3107176],[60.361585,55.3107115],[60.3616494,55.3106015],[60.3616977,55.3103878],[60.361762,55.310284],[60.3617996,55.310168],[60.3617781,55.3097864],[60.3617138,55.3097497],[60.3616333,55.3095757],[60.3615475,55.3094841],[60.3615314,55.3094261],[60.3618264,55.3094383],[60.3618264,55.3095971],[60.3618586,55.309649],[60.3619444,55.3096643],[60.3620195,55.3096337],[60.3620571,55.3094719],[60.3621429,55.3094444],[60.3622127,55.3094811],[60.3623092,55.3094933],[60.362438,55.3093986],[60.3628188,55.3093803],[60.36291,55.3093559],[60.3630602,55.3092887],[60.3631782,55.3092093],[60.3636718,55.3090384],[60.3638917,55.3089315],[60.3639507,55.3088888],[60.3640151,55.3087819],[60.3640741,55.3087361],[60.3654313,55.3080705],[60.365544,55.3079697],[60.3656566,55.307814],[60.3657854,55.3077316],[60.3659677,55.3077133],[60.3660589,55.3077285],[60.3660428,55.3078904],[60.3661126,55.3079392],[60.3665954,55.3078934],[60.36659,55.3077896],[60.3664452,55.3077133],[60.3667188,55.3076217],[60.3667992,55.3075759],[60.3668314,55.3075179],[60.3668421,55.3073896],[60.3671265,55.3072461],[60.3668126,55.3071362],[60.3666973,55.3071988],[60.3666437,55.3072522],[60.3664559,55.3072583],[60.3663647,55.3072736],[60.366295,55.3073072],[60.3662735,55.3073621],[60.3662896,55.307469],[60.3662252,55.3075026],[60.3661609,55.3074018],[60.3661448,55.3073408],[60.3661555,55.3072095],[60.3659141,55.3071545],[60.3657639,55.3070812],[60.3656566,55.3070019],[60.3655064,55.306953],[60.365324,55.3069225],[60.3649378,55.3069225],[60.3647554,55.3068858],[60.3639507,55.3066232],[60.3634143,55.3066721],[60.3629208,55.3067637],[60.3627813,55.3068309],[60.3624487,55.3070812],[60.3622663,55.3071118],[60.3621054,55.3070568],[60.3616869,55.3072705],[60.3608715,55.307527],[60.3605819,55.3076369],[60.360024,55.3079972],[60.359745,55.3081499],[60.3590155,55.3084674],[60.3584468,55.308559],[60.3573579,55.3089162],[60.3573203,55.308959],[60.3573149,55.3090658]],[[60.3577226,55.4274291],[60.3577384,55.4274644],[60.3578487,55.4275326],[60.357964,55.4275767],[60.3580445,55.4276376],[60.3581625,55.4276711],[60.3582484,55.4277274],[60.358353,55.4277806],[60.3585626,55.4278195],[60.3585863,55.4278278],[60.3586614,55.4278294],[60.3587151,55.427808],[60.3587767,55.4277335],[60.3588331,55.4277106],[60.3589028,55.4277045],[60.3589457,55.4276756],[60.3590101,55.4276619],[60.3591496,55.4276482],[60.3592971,55.4276498],[60.3593615,55.427665],[60.3595036,55.4276787],[60.3597149,55.4276636],[60.3597799,55.4276558],[60.3598791,55.4276041],[60.3599435,55.4275874],[60.3599972,55.4275645],[60.3600293,55.4275295],[60.3601447,55.4274808],[60.3601447,55.4274428],[60.3601152,55.4273682],[60.3599408,55.4272114],[60.3598845,55.4271855],[60.3598469,55.4271551],[60.3598228,55.4271186],[60.3597826,55.4270881],[60.3596109,55.4269831],[60.3595465,55.4269709],[60.3594795,55.426977],[60.3594205,55.4269983],[60.3593776,55.4270272],[60.3593186,55.4270501],[60.3591898,55.4270546],[60.3589886,55.427047],[60.3588492,55.4270607],[60.3587955,55.427082],[60.3586158,55.4271307],[60.3585514,55.4271292],[60.3584844,55.427117],[60.3582081,55.4270014],[60.3581464,55.4269816],[60.3580821,55.4269755],[60.3580177,55.4269831],[60.3579667,55.4270075],[60.3579184,55.427076],[60.3577613,55.4271916],[60.3577897,55.4273256],[60.3577736,55.4273606],[60.357736,55.4273925],[60.3577226,55.4274291]],[[60.3582242,55.3202358],[60.3582242,55.3203472],[60.3582671,55.320425],[60.3582939,55.3205364],[60.3582671,55.3206905],[60.3583074,55.3206814],[60.3583851,55.3205837],[60.3585488,55.3204448],[60.3586319,55.3202876],[60.3587821,55.3201366],[60.3589752,55.3198466],[60.358986,55.3197382],[60.3588974,55.3196757],[60.3588545,55.3196665],[60.3587526,55.3196589],[60.3587097,55.319668],[60.3584683,55.3198466],[60.3582671,55.3200221],[60.3582698,55.320103],[60.3582242,55.3202358]],[[60.3583369,55.4245265],[60.358369,55.4246011],[60.3585032,55.4246878],[60.35864,55.4247122],[60.3592086,55.4247091],[60.3593856,55.4246391],[60.3594848,55.4245813],[60.3596699,55.4245249],[60.3597611,55.4244169],[60.3597692,55.4243773],[60.359745,55.4243423],[60.3596243,55.4243042],[60.3594956,55.4242144],[60.359163,55.4241596],[60.3590316,55.4241368],[60.3588358,55.4240546],[60.3586748,55.4239252],[60.3585649,55.4238917],[60.3584871,55.4239511],[60.3584227,55.4240592],[60.3584576,55.4241307],[60.3585353,55.4241916],[60.3585809,55.4242662],[60.35853,55.4243316],[60.358369,55.4244519],[60.3583369,55.4245265]],[[60.3593802,55.3193964],[60.3593883,55.3194193],[60.3595412,55.3193368],[60.3595868,55.3193445],[60.359619,55.3193933],[60.3597155,55.3193857],[60.3597906,55.3193475],[60.3599301,55.3193201],[60.3600991,55.3192102],[60.360201,55.3192086],[60.3609091,55.3191064],[60.3610191,55.3191186],[60.3610539,55.3191384],[60.3610647,55.3192148],[60.3610915,55.3192361],[60.3611827,55.3192514],[60.3613731,55.3193353],[60.361416,55.3193445],[60.3614697,55.3193323],[60.3616333,55.31923],[60.361703,55.3191583],[60.361746,55.3190408],[60.3618157,55.3190011],[60.3618318,55.3189477],[60.3617433,55.318792],[60.3617942,55.3187203],[60.3618345,55.3187065],[60.3619766,55.3187142],[60.3624755,55.3188668],[60.3625828,55.3187462],[60.3629422,55.3185463],[60.3632238,55.3184898],[60.3633741,55.318412],[60.3633687,55.3183601],[60.3630468,55.3183647],[60.3628135,55.3183219],[60.3627732,55.3182777],[60.3627732,55.3181998],[60.3627813,55.3181724],[60.3628913,55.3181083],[60.3628752,55.3180548],[60.3626177,55.3179541],[60.362395,55.3179663],[60.3621617,55.3180396],[60.3620946,55.3180793],[60.3618908,55.3183067],[60.3618854,55.3183601],[60.3620034,55.3184013],[60.3620034,55.3184532],[60.3619096,55.3186241],[60.361585,55.3187416],[60.3611237,55.3187279],[60.3605255,55.3187584],[60.3604263,55.3187859],[60.3603512,55.3188195],[60.3601983,55.3189568],[60.3599033,55.3190927],[60.3598201,55.3191583],[60.3593802,55.3193964]],[[60.3599582,55.411881],[60.3600875,55.4121958],[60.3607528,55.4127937],[60.3622682,55.4131819],[60.3638504,55.4131826],[60.3652435,55.412993],[60.365262,55.4120909],[60.3643195,55.4113355],[60.3633955,55.4105172],[60.3623976,55.4112411],[60.360993,55.4114509],[60.3599582,55.411881]],[[60.3608018,55.3146955],[60.3608018,55.3147474],[60.3611612,55.3149183],[60.361644,55.3148664],[60.3622448,55.3146741],[60.3623682,55.3145886],[60.3624219,55.3144848],[60.3623575,55.3144482],[60.3618211,55.3144573],[60.3613758,55.3145306],[60.3612256,55.3145917],[60.3608018,55.3146955]],[[60.3608045,55.4294259],[60.3609145,55.4296116],[60.3609654,55.429572],[60.3611022,55.4295751],[60.3612149,55.4296253],[60.3613275,55.4297607],[60.3615233,55.4298749],[60.3615931,55.4299007],[60.3618935,55.4299221],[60.3619498,55.4299449],[60.3620303,55.4300088],[60.3620249,55.4300849],[60.3619632,55.4301534],[60.3622127,55.4302843],[60.36302,55.4304288],[60.3632104,55.4303893],[60.3633606,55.4303056],[60.363484,55.4302706],[60.3637683,55.430269],[60.3639427,55.4303299],[60.3640366,55.4303832],[60.3642055,55.430645],[60.3642136,55.4307637],[60.3641787,55.4308748],[60.3643021,55.4309706],[60.3644174,55.4311742],[60.3644818,55.4312157],[60.3646722,55.4312689],[60.3648922,55.4313679],[60.3649351,55.4314029],[60.3649914,55.431514],[60.3651229,55.4316053],[60.3654608,55.431727],[60.3656271,55.4318533],[60.3656808,55.4318746],[60.3658846,55.4318944],[60.3660777,55.4318564],[60.3665069,55.4318488],[60.3676817,55.4319446],[60.3678721,55.432004],[60.3681511,55.4319857],[60.3682879,55.4320009],[60.3688028,55.4321638],[60.3689826,55.4322886],[60.3691975,55.4324911],[60.3695378,55.4326508],[60.3699133,55.4327771],[60.3704283,55.4328973],[60.3707743,55.4329353],[60.370844,55.4329414],[60.3709137,55.4329384],[60.3711203,55.4329156],[60.3712732,55.4329201],[60.3714797,55.432949],[60.3716272,55.432943],[60.371764,55.432911],[60.3720403,55.432879],[60.3721529,55.4328288],[60.372743,55.4327786],[60.3729951,55.4326279],[60.3732473,55.432599],[60.3733814,55.4326279],[60.3734672,55.4325655],[60.3735369,55.4325549],[60.3736094,55.4325549],[60.3737488,55.4325655],[60.3738052,55.4325853],[60.3738615,55.4326112],[60.3739688,55.4327086],[60.3741029,55.4327208],[60.3742585,55.4327969],[60.3744435,55.4328516],[60.3744963,55.4328785],[60.3745401,55.432908],[60.3746071,55.4329232],[60.3748029,55.4328866],[60.374929,55.4327953],[60.3749961,55.4327969],[60.3749773,55.4326827],[60.3749907,55.4325245],[60.3749827,55.4324864],[60.3749451,55.4324134],[60.3746098,55.4322262],[60.3744543,55.4320375],[60.374414,55.4319614],[60.3743899,55.4317422],[60.3743952,55.4316981],[60.374414,55.4315794],[60.3744248,55.4315398],[60.3744972,55.4314226],[60.3745133,55.43138],[60.3745079,55.4313313],[60.3744167,55.4311761],[60.3741941,55.4309341],[60.3740653,55.4308337],[60.3739554,55.4306221],[60.3738454,55.4304745],[60.3738266,55.4303954],[60.3737166,55.4302751],[60.3734377,55.4301595],[60.3733653,55.4301397],[60.3729925,55.430059],[60.3729308,55.4300484],[60.3727269,55.4300484],[60.3722039,55.4299677],[60.372051,55.429884],[60.371933,55.4298505],[60.3718847,55.4298186],[60.3717318,55.4295933],[60.3716943,55.4295598],[60.3716218,55.4295507],[60.3715575,55.4295598],[60.3715097,55.4295902],[60.3714475,55.4296405],[60.3713375,55.4296862],[60.371072,55.429747],[60.3710157,55.4297699],[60.3708708,55.4298505],[60.3705999,55.4298931],[60.3703746,55.4298916],[60.3702244,55.4300195],[60.3697979,55.4300195],[60.3696075,55.4300514],[60.3695378,55.4300545],[60.369468,55.4300499],[60.3694063,55.4300362],[60.3692293,55.4299768],[60.3689423,55.429919],[60.3687519,55.4298201],[60.368717,55.4297851],[60.3687465,55.4297059],[60.3688189,55.4296375],[60.3687948,55.4295553],[60.3687599,55.4295218],[60.3686285,55.4295233],[60.3685909,55.4294883],[60.3685427,55.4293726],[60.3684649,55.4293057],[60.3683603,55.4292494],[60.3682262,55.4292646],[60.3681833,55.4292935],[60.3681806,55.4293742],[60.3681028,55.4295233],[60.3681082,55.4295644],[60.368202,55.4296177],[60.3681537,55.4297303],[60.3682208,55.4297409],[60.3683817,55.4296572],[60.368548,55.4297151],[60.3685373,55.4297516],[60.3684488,55.4298094],[60.3683951,55.4297866],[60.3683925,55.429747],[60.3682242,55.4298018],[60.368033,55.4297744],[60.3678533,55.4297212],[60.3676093,55.429674],[60.3665122,55.4296466],[60.3662467,55.429604],[60.3658953,55.4294883],[60.365603,55.4295081],[60.3653884,55.4294853],[60.3651148,55.4294944],[60.3649914,55.4294792],[60.3647876,55.4294929],[60.3647393,55.4294624],[60.3647554,55.4294244],[60.3648868,55.4294016],[60.3650397,55.4293255],[60.3650773,55.4292022],[60.3651255,55.4291306],[60.3651416,55.4290104],[60.3652221,55.4287806],[60.3652087,55.4287015],[60.3650317,55.4285432],[60.3648493,55.4284747],[60.364801,55.4284427],[60.3647339,55.4284366],[60.3646749,55.4284488],[60.364168,55.4287167],[60.3639776,55.4287667],[60.3637576,55.4287775],[60.3636959,55.4287639],[60.3635833,55.4287212],[60.363535,55.4286954],[60.3634679,55.4286238],[60.3633767,55.428563],[60.3632775,55.4285082],[60.3631648,55.4284671],[60.3631031,55.4284518],[60.3626767,55.4284427],[60.3626123,55.4284366],[60.3625479,55.4284245],[60.3624836,55.4284092],[60.3622636,55.428327],[60.3618854,55.4282388],[60.3616413,55.4281611],[60.3615126,55.4281429],[60.3614487,55.4281575],[60.3614053,55.428286],[60.3614053,55.4284458],[60.3613383,55.4285919],[60.3613607,55.4287816],[60.3613463,55.4288186],[60.3612846,55.4288887],[60.3610352,55.4289571],[60.3609923,55.4289845],[60.3609896,55.4291352],[60.3609145,55.4292463],[60.3608876,55.4293239],[60.3608045,55.4294259]],[[60.3640419,55.3118991],[60.3640848,55.3119418],[60.3643262,55.3120242],[60.3644711,55.3120945],[60.3645676,55.3120945],[60.3646642,55.3120853],[60.3649592,55.3120456],[60.3651309,55.3119998],[60.3655171,55.3118044],[60.3656888,55.3117464],[60.3657263,55.3116945],[60.3657049,55.3116426],[60.3655654,55.3115663],[60.365544,55.3113495],[60.3655064,55.3113037],[60.3654367,55.3112702],[60.3650773,55.3112183],[60.3649914,55.3112183],[60.3644872,55.311493],[60.364337,55.3115083],[60.3642444,55.3115533],[60.3642297,55.3116151],[60.3640526,55.3117983],[60.3640419,55.3118991]],[[60.3659431,55.4187223],[60.3664421,55.4193726],[60.3661094,55.4200859],[60.3669387,55.4206534],[60.3675879,55.4206208],[60.3678466,55.4209669],[60.3672183,55.4212606],[60.3674677,55.422214],[60.3678317,55.4222633],[60.3682716,55.4215018],[60.3689369,55.4212606],[60.3698609,55.4221835],[60.3693805,55.4222989],[60.3687449,55.4230728],[60.3682977,55.4229387],[60.3684565,55.4232442],[60.368863,55.4235469],[60.3695837,55.4231065],[60.370711,55.4227499],[60.3718199,55.4226869],[60.3723188,55.4236728],[60.3727624,55.4234106],[60.3727845,55.4229866],[60.3729544,55.4227164],[60.3724082,55.4224799],[60.3724112,55.4222989],[60.3725779,55.4220862],[60.373132,55.4219423],[60.3728917,55.4212606],[60.3722449,55.4205473],[60.3718383,55.4198551],[60.371715,55.41962],[60.3714273,55.4195041],[60.3710622,55.4194041],[60.3691587,55.4202327],[60.3682532,55.419981],[60.3682901,55.419509],[60.3676803,55.4184916],[60.3664236,55.4182293],[60.3659431,55.4187223]],[[60.3663111,55.4797016],[60.3663379,55.4798871],[60.3664505,55.4799692],[60.3667241,55.4800391],[60.3669012,55.4800634],[60.3670728,55.4800482],[60.3671533,55.4800269],[60.3672713,55.4799479],[60.3673303,55.4797959],[60.3673196,55.4796864],[60.3671372,55.479501],[60.3667617,55.4794128],[60.3665793,55.4794645],[60.3663111,55.4797016]],[[60.3671908,55.3088399],[60.3672123,55.3088918],[60.3673357,55.3090292],[60.3674859,55.3091086],[60.367797,55.3092277],[60.367915,55.3093131],[60.3681081,55.3093315],[60.3682959,55.3093315],[60.3686553,55.3092765],[60.368945,55.3092796],[60.3691167,55.3093193],[60.369181,55.3093559],[60.3690147,55.3095574],[60.3689665,55.3096612],[60.3689504,55.3098841],[60.3689986,55.3100428],[60.3692508,55.3102657],[60.3693795,55.3100184],[60.3696692,55.309881],[60.3698516,55.3096948],[60.3701681,55.3094322],[60.3703397,55.3094047],[60.3708011,55.3094292],[60.3708655,55.3093925],[60.3708279,55.3093437],[60.370844,55.3092918],[60.3709137,55.3092612],[60.3711444,55.3092002],[60.3712141,55.3091666],[60.3713429,55.30902],[60.3714073,55.3089865],[60.3714877,55.3089651],[60.3715843,55.3089651],[60.371654,55.3089376],[60.3717828,55.3088613],[60.3718257,55.3088185],[60.371815,55.3087666],[60.3715414,55.3087178],[60.3712678,55.3086476],[60.3711927,55.308617],[60.3710693,55.3084796],[60.3709727,55.3084979],[60.3708976,55.3085285],[60.3708011,55.3085315],[60.3707099,55.3085193],[60.3705651,55.308443],[60.3704497,55.3084445],[60.3703666,55.3086018],[60.3700072,55.3087086],[60.3696155,55.3087911],[60.3691274,55.3088033],[60.36865,55.3088918],[60.3685534,55.3088979],[60.3681672,55.3088765],[60.3678828,55.3088246],[60.3677219,55.3087758],[60.3673571,55.3087147],[60.3672713,55.3087392],[60.3672177,55.308788],[60.3671908,55.3088399]],[[60.3676039,55.3069286],[60.3676951,55.306953],[60.3678828,55.3069591],[60.3680384,55.307011],[60.3681028,55.3070477],[60.3682476,55.3071789],[60.3683817,55.3072522],[60.3686339,55.3071973],[60.3685802,55.3070904],[60.3685641,55.3069835],[60.3684354,55.3067148],[60.3683174,55.3066996],[60.3680921,55.3068064],[60.3678936,55.306779],[60.367797,55.3068034],[60.3676039,55.3069286]],[[60.3679633,55.4808112],[60.3680277,55.4811456],[60.3681993,55.4811517],[60.3683174,55.4810787],[60.3685748,55.4807991],[60.3685748,55.4804829],[60.368768,55.4798506],[60.368768,55.4793277],[60.3685534,55.4789447],[60.3684139,55.4790055],[60.3684568,55.4793277],[60.3681886,55.4796074],[60.3680169,55.4799296],[60.3679633,55.4808112]],[[60.3683549,55.4271658],[60.3684086,55.4272373],[60.3686205,55.4273043],[60.3686714,55.4273758],[60.3686365,55.4274473],[60.3684354,55.4274412],[60.3684112,55.4275158],[60.3685963,55.4277213],[60.3688243,55.4278278],[60.3689691,55.4278309],[60.3687814,55.4280744],[60.3688458,55.4284077],[60.3691059,55.4287288],[60.3691515,55.4287593],[60.3693742,55.4287882],[60.3694063,55.4288217],[60.3693017,55.4289663],[60.369291,55.4290835],[60.3694493,55.4292631],[60.3695646,55.4293361],[60.3696263,55.4293559],[60.3697631,55.4293742],[60.3699052,55.4293696],[60.369975,55.4293605],[60.3703076,55.4292433],[60.3706938,55.429158],[60.370903,55.429155],[60.371072,55.4290926],[60.3712839,55.4290941],[60.3713456,55.4291626],[60.3714153,55.4291474],[60.3714529,55.4289054],[60.371646,55.4286725],[60.3716111,55.428598],[60.3716688,55.4284811],[60.3715897,55.4284214],[60.3716031,55.4283818],[60.3719169,55.428289],[60.3719866,55.4282829],[60.3720456,55.4283042],[60.3721851,55.4283925],[60.3721797,55.4283164],[60.3722334,55.4282951],[60.3723702,55.4282936],[60.3724319,55.4283088],[60.3730729,55.4286391],[60.3732499,55.4286969],[60.3733197,55.4287639],[60.373773,55.4293087],[60.3737891,55.4294244],[60.3738937,55.4295264],[60.3742718,55.4301094],[60.3742933,55.4301443],[60.3744033,55.4302417],[60.3745025,55.4303056],[60.374752,55.4303756],[60.3752106,55.4305978],[60.3756505,55.43096],[60.375908,55.4310056],[60.3760153,55.4309661],[60.3760502,55.430998],[60.3760287,55.4311137],[60.3760529,55.4311487],[60.3761655,55.4311883],[60.3762165,55.4311624],[60.3762674,55.4311335],[60.3762567,55.4309767],[60.3760904,55.4309493],[60.3761709,55.4308322],[60.3760582,55.4303771],[60.376128,55.4302645],[60.3761253,55.4301808],[60.3761145,55.4301412],[60.3759402,55.4299662],[60.3759509,55.4298505],[60.3757793,55.4294959],[60.3757712,55.4293711],[60.3759053,55.4292341],[60.3765196,55.42891],[60.3767395,55.4289267],[60.3768441,55.4288765],[60.3769782,55.4288613],[60.3771177,55.4287775],[60.3773054,55.4287334],[60.3774154,55.428636],[60.3774476,55.4285614],[60.3774717,55.4284792],[60.3773269,55.4281429],[60.3772652,55.4281292],[60.3771821,55.4280714],[60.3770721,55.4279648],[60.3770238,55.4279389],[60.3769541,55.4279405],[60.3765732,55.4280013],[60.3763586,55.4277989],[60.3763828,55.4276178],[60.3765571,55.4274991],[60.3766376,55.4273454],[60.3767019,55.4269648],[60.3769863,55.4268507],[60.3771901,55.4266848],[60.3773323,55.4264915],[60.3773242,55.4263317],[60.3773108,55.4262951],[60.3771043,55.4260821],[60.3769326,55.4260105],[60.3767985,55.4260273],[60.3764981,55.4261216],[60.3763908,55.4262556],[60.3761548,55.4263408],[60.3757551,55.4263971],[60.3754118,55.4264063],[60.3751409,55.426388],[60.374878,55.4263241],[60.3747949,55.4262967],[60.3743336,55.4260897],[60.3737193,55.4254397],[60.3735745,55.4253728],[60.3734887,55.4254245],[60.3732714,55.425869],[60.3731105,55.4260166],[60.3728101,55.4261216],[60.3727645,55.4262784],[60.3724587,55.4262267],[60.3723192,55.4263028],[60.3722685,55.4264148],[60.3721449,55.426423],[60.3720859,55.4264078],[60.3719383,55.4263225],[60.3719196,55.4262571],[60.3720215,55.4262084],[60.3723004,55.4261703],[60.3724721,55.4260455],[60.3726277,55.4258659],[60.3725177,55.4257776],[60.3721663,55.4256559],[60.3718767,55.4254458],[60.3717291,55.425563],[60.3715709,55.4256254],[60.3714368,55.4256559],[60.3712463,55.4256437],[60.3711444,55.4256985],[60.3711605,55.42577],[60.3713053,55.4257776],[60.3713697,55.4258446],[60.371308,55.4259161],[60.3711095,55.4260197],[60.3709218,55.4262236],[60.3709406,55.4266726],[60.3708252,55.4268142],[60.3707957,55.4269298],[60.3706777,55.4269664],[60.3705516,55.4269511],[60.3706402,55.4270531],[60.3705972,55.427082],[60.370329,55.4270866],[60.3700742,55.4270501],[60.3697148,55.4268613],[60.3695727,55.4268486],[60.3694063,55.4268446],[60.3692347,55.4267792],[60.3691006,55.4267776],[60.3689316,55.4267228],[60.3687743,55.4267863],[60.3686848,55.4268964],[60.3686741,55.4270638],[60.3685668,55.4271079],[60.3684863,55.4270455],[60.3684273,55.4270577],[60.3683549,55.4271658]],[[60.3690469,55.3073102],[60.3690845,55.307356],[60.3691971,55.3074415],[60.3692669,55.3074782],[60.3693634,55.3074873],[60.3696477,55.3074904],[60.3699481,55.3075209],[60.3702271,55.307524],[60.3704256,55.3074965],[60.370726,55.3074751],[60.3709459,55.3074385],[60.3711444,55.3073988],[60.3712571,55.307356],[60.3713429,55.3071973],[60.371241,55.3070751],[60.3711551,55.3070599],[60.3709781,55.3070599],[60.3707904,55.3070812],[60.3707099,55.3070629],[60.3707743,55.3070232],[60.3708547,55.3069225],[60.3708333,55.3068736],[60.3707528,55.3068583],[60.3706562,55.3068614],[60.370388,55.3069072],[60.3703505,55.306953],[60.3703612,55.307008],[60.3704899,55.3070843],[60.3693742,55.3072186],[60.3691167,55.3072705],[60.3690469,55.3073102]],[[60.3696414,55.4191902],[60.3697899,55.4191956],[60.3700365,55.4193379],[60.3703478,55.4193463],[60.3705195,55.419223],[60.370726,55.4192413],[60.3709003,55.4190982],[60.371418,55.4192032],[60.3716058,55.4192595],[60.3718659,55.4192184],[60.3722468,55.4191225],[60.3725874,55.4191043],[60.3733867,55.4191956],[60.3741029,55.4191423],[60.3743362,55.419191],[60.3744462,55.4193387],[60.3743711,55.4195138],[60.3745401,55.4196904],[60.3749692,55.4197269],[60.375047,55.4198061],[60.3750148,55.4199065],[60.3746393,55.4199233],[60.3747895,55.4200298],[60.3749371,55.4200633],[60.3749639,55.4201531],[60.375106,55.4202597],[60.3752214,55.4202156],[60.3754091,55.4201958],[60.3758493,55.4202254],[60.3763238,55.4201684],[60.3766322,55.4202825],[60.3767368,55.4203769],[60.3769085,55.4204211],[60.3770882,55.4203526],[60.3773913,55.4203054],[60.3778875,55.4202308],[60.3782228,55.4202491],[60.3785795,55.4203343],[60.378786,55.4204195],[60.3794727,55.4204683],[60.38028,55.420348],[60.3803632,55.4202308],[60.3803551,55.4198396],[60.379993,55.4195168],[60.3797248,55.4193524],[60.3791508,55.4192261],[60.3790408,55.4191606],[60.3789979,55.4190403],[60.3789255,55.4188379],[60.3791401,55.4185547],[60.3797302,55.4180478],[60.3796872,55.4178651],[60.3794244,55.4177067],[60.3792581,55.4175195],[60.3789684,55.4174662],[60.3783327,55.4173414],[60.3782442,55.4172561],[60.3777856,55.4170658],[60.377292,55.4167278],[60.3771901,55.4167156],[60.3769568,55.4169471],[60.375841,55.4170841],[60.375495,55.4170369],[60.3751945,55.4169227],[60.3750524,55.417008],[60.3745186,55.417008],[60.3743765,55.4169242],[60.3739849,55.4169394],[60.373942,55.4169882],[60.3740948,55.4173749],[60.374001,55.4174662],[60.3736415,55.4176458],[60.3732848,55.417792],[60.3731722,55.4179275],[60.372043,55.4183492],[60.3718686,55.4185577],[60.3708306,55.418646],[60.3705972,55.4186521],[60.3704578,55.4187191],[60.3702351,55.4187222],[60.3701091,55.4188013],[60.3701842,55.4189581],[60.3698328,55.4190342],[60.3696826,55.4191073],[60.3696414,55.4191902]],[[60.3708333,55.3301728],[60.3708494,55.3303864],[60.3708816,55.3304322],[60.3710425,55.3304932],[60.3712122,55.3305337],[60.3713429,55.3305664],[60.3717184,55.3305725],[60.3719974,55.3305329],[60.3725231,55.3304047],[60.3735477,55.3302949],[60.3736442,55.330304],[60.3739983,55.3303864],[60.3741109,55.330484],[60.3741807,55.3305878],[60.3741699,55.3306427],[60.3739822,55.3308258],[60.3739071,55.3309265],[60.3739017,55.3310913],[60.374245,55.3311828],[60.3746474,55.3311737],[60.3747386,55.3311615],[60.3748083,55.3311249],[60.3750497,55.3309387],[60.3751248,55.3309052],[60.3752267,55.330896],[60.375613,55.3307099],[60.3757417,55.3307007],[60.3758973,55.3306336],[60.3759617,55.330481],[60.3765464,55.3302765],[60.3767127,55.3301148],[60.3767395,55.3299134],[60.3765303,55.3295045],[60.3764445,55.3294099],[60.3762245,55.3293092],[60.3760529,55.3292756],[60.3752321,55.3292482],[60.3750551,55.3291993],[60.3741056,55.3290773],[60.3739124,55.3290681],[60.3735369,55.3291139],[60.3727698,55.3293275],[60.3722173,55.3295259],[60.3720242,55.3296449],[60.371874,55.3297029],[60.3716916,55.3297456],[60.3708333,55.3301728]],[[60.3742588,55.461879],[60.3759492,55.4614497],[60.3759845,55.4611102],[60.375509,55.4607907],[60.3754386,55.4611402],[60.3749807,55.4612799],[60.374699,55.4614397],[60.3742588,55.461879]],[[60.3753173,55.4384253],[60.3753648,55.438505],[60.3757714,55.4386264],[60.3759873,55.4388322],[60.3757614,55.4390221],[60.3757966,55.4393711],[60.3759947,55.4398893],[60.3764716,55.4405189],[60.3772626,55.4410369],[60.3779765,55.4415198],[60.3784211,55.4420002],[60.3789499,55.4424441],[60.379002,55.4427774],[60.3792036,55.4430715],[60.3797274,55.4434083],[60.3804838,55.4436861],[60.3808684,55.4439329],[60.3814436,55.4440876],[60.3819973,55.444033],[60.3830913,55.4444043],[60.3839067,55.4444494],[60.3844055,55.4442933],[60.3849492,55.4438662],[60.3854298,55.4437493],[60.3858207,55.4434544],[60.3861128,55.4432314],[60.3864904,55.4429807],[60.386577,55.4427656],[60.3861136,55.4424508],[60.3857987,55.4420613],[60.3856279,55.4417225],[60.3852678,55.4414379],[60.38483,55.4411774],[60.3842011,55.4409039],[60.3838631,55.4406385],[60.3831822,55.4403778],[60.3830383,55.4400836],[60.3825838,55.43989],[60.3825207,55.4395415],[60.3822158,55.4391933],[60.3816095,55.438848],[60.3810367,55.4386573],[60.3805411,55.4384328],[60.3795384,55.4381071],[60.3795196,55.4380315],[60.3785845,55.4376985],[60.3784394,55.4376015],[60.3782163,55.4375126],[60.3781613,55.4374072],[60.3781138,55.4374794],[60.3779488,55.4374729],[60.3777275,55.4375008],[60.3774563,55.4375379],[60.3771739,55.4374814],[60.377035,55.4375482],[60.3769977,55.4377255],[60.3769395,55.4377944],[60.3768458,55.4378214],[60.3766581,55.4380474],[60.3765552,55.4380392],[60.3763913,55.4381421],[60.3761745,55.4381966],[60.3758686,55.4381691],[60.3756363,55.4381808],[60.3754252,55.4383092],[60.3753173,55.4384253]],[[60.3757471,55.3216825],[60.3758061,55.3217283],[60.3759509,55.3217924],[60.376128,55.3219206],[60.3762245,55.3219297],[60.376482,55.321829],[60.3766644,55.3218199],[60.3767583,55.3217069],[60.3766644,55.3215879],[60.3764337,55.3215024],[60.3763425,55.3215024],[60.3761709,55.3214719],[60.3759885,55.3214841],[60.37579,55.321591],[60.3757514,55.3216358],[60.3757471,55.3216825]],[[60.3759,55.3388702],[60.3759456,55.3388656],[60.3760046,55.3389358],[60.3762916,55.3390746],[60.3765303,55.3390151],[60.3766268,55.3388626],[60.3766268,55.3388077],[60.3765947,55.3387894],[60.3764579,55.338858],[60.3763667,55.3388687],[60.3762138,55.338855],[60.376136,55.3388138],[60.3759161,55.3388184],[60.3759,55.3388702]],[[60.3784668,55.3372822],[60.378499,55.3374134],[60.3786412,55.3374073],[60.3787377,55.3373875],[60.3787699,55.3373387],[60.3788692,55.3372776],[60.3788531,55.3372532],[60.378609,55.3371907],[60.3785178,55.3372075],[60.3784668,55.3372822]],[[60.3789711,55.3379321],[60.3789765,55.3380404],[60.3792018,55.3380236],[60.3793305,55.3379824],[60.3795236,55.3379641],[60.3796524,55.3379321],[60.3798294,55.3378375],[60.379875,55.3377063],[60.3800172,55.3376285],[60.3800198,55.3376026],[60.3799528,55.3375705],[60.379824,55.3375888],[60.3794914,55.337691],[60.3794056,55.3377505],[60.3791562,55.3378192],[60.3790864,55.3378863],[60.3789711,55.3379321]],[[60.3798187,55.326819],[60.379993,55.3270494],[60.3800359,55.3273424],[60.3802076,55.3275057],[60.3804839,55.3275759],[60.3806072,55.3275713],[60.3809103,55.3274812],[60.3811517,55.3274355],[60.3813663,55.3272539],[60.3813663,55.327199],[60.3810471,55.327083],[60.3808299,55.3270265],[60.380516,55.3269701],[60.3804034,55.3269106],[60.3802264,55.326732],[60.3801486,55.3266878],[60.3800252,55.3266618],[60.3798777,55.3266832],[60.3798214,55.3267626],[60.3798187,55.326819]],[[60.3814065,55.3569867],[60.3814387,55.3571056],[60.3815192,55.3571513],[60.3815567,55.3572093],[60.3814247,55.3573077],[60.3815433,55.3574548],[60.3815997,55.3574807],[60.3817096,55.3574898],[60.3818518,55.3575874],[60.3821978,55.3577521],[60.3824338,55.3578115],[60.3825894,55.3578878],[60.3826296,55.3580128],[60.3827342,55.3581607],[60.3827691,55.3581851],[60.3830159,55.3582628],[60.38315,55.3583238],[60.3833324,55.35849],[60.3834128,55.3585342],[60.383445,55.3585983],[60.3835492,55.3586193],[60.383606,55.3586318],[60.383724,55.3586349],[60.3838903,55.3587081],[60.3839278,55.3587675],[60.38396,55.358795],[60.3839976,55.3588194],[60.3840914,55.3588544],[60.3842014,55.3588636],[60.384255,55.3588483],[60.3843462,55.3587279],[60.3843677,55.3586959],[60.3843811,55.3586318],[60.3843731,55.3586013],[60.3843087,55.3585159],[60.384298,55.3584504],[60.3843194,55.3584199],[60.3844133,55.3583757],[60.3845286,55.3583559],[60.384711,55.3583528],[60.3851777,55.3583924],[60.3853977,55.3584229],[60.3854459,55.3584412],[60.385505,55.3584946],[60.385572,55.3586776],[60.3856632,55.3587965],[60.3857732,55.3588163],[60.3858161,55.3588407],[60.3858671,55.3589367],[60.3858617,55.3590938],[60.3858054,55.3591029],[60.3856954,55.3590907],[60.3855345,55.3590953],[60.3854862,55.3591136],[60.385454,55.3591746],[60.3854701,55.3592356],[60.3855452,55.3593545],[60.385682,55.3594536],[60.3857946,55.359449],[60.3858429,55.3594307],[60.3859261,55.3593423],[60.3860226,55.3592996],[60.3862801,55.3592325],[60.3863123,55.3592036],[60.3863981,55.3590511],[60.3863981,55.3589855],[60.3865108,55.3588041],[60.3865617,55.3587934],[60.3866127,55.3588133],[60.3866664,55.3589032],[60.3867254,55.3589032],[60.3867173,55.3587767],[60.3866878,55.3587477],[60.3866878,55.3587157],[60.386728,55.3585891],[60.3868005,55.3585403],[60.3871331,55.3584733],[60.3873745,55.3584763],[60.3874201,55.3584915],[60.3874549,55.3585541],[60.3876078,55.3587279],[60.3876427,55.3588254],[60.3876802,55.3588483],[60.3877929,55.3588468],[60.3878047,55.3587818],[60.3879377,55.3587035],[60.3880101,55.3584199],[60.3880128,55.3583559],[60.3879136,55.3582735],[60.3879055,55.358243],[60.3879055,55.3582095],[60.3879619,55.3581485],[60.3880504,55.3581073],[60.3881657,55.3580997],[60.388222,55.3581043],[60.388391,55.358208],[60.3884473,55.3582202],[60.3885707,55.3582156],[60.3886056,55.3581912],[60.388627,55.3580967],[60.3886941,55.3579716],[60.3885734,55.3574883],[60.3885466,55.3574227],[60.3885224,55.3573938],[60.3884017,55.357284],[60.3882247,55.3571971],[60.3881684,55.3571879],[60.3880584,55.3572001],[60.3880048,55.3572108],[60.3879109,55.3572428],[60.3878546,55.3572947],[60.3878358,55.3573252],[60.3878251,55.3573556],[60.3878304,55.3574212],[60.3878492,55.3574548],[60.3879565,55.3575295],[60.3879592,55.3575889],[60.3873718,55.3579655],[60.3872699,55.3580174],[60.3871706,55.3580311],[60.387007,55.3579991],[60.3867817,55.357993],[60.3866047,55.3579167],[60.3864008,55.3578741],[60.3863203,55.3578314],[60.3862613,55.3577795],[60.3862184,55.3575325],[60.3863472,55.3574288],[60.3865161,55.357313],[60.3866476,55.3572276],[60.386728,55.3571788],[60.3867656,55.3571117],[60.3868943,55.3570019],[60.3870875,55.3569318],[60.3871679,55.356883],[60.3871894,55.356822],[60.3870928,55.35645],[60.3868836,55.3562273],[60.3868031,55.3561877],[60.3866959,55.3561968],[60.3861004,55.3563554],[60.3858858,55.3563524],[60.3856713,55.356389],[60.3855854,55.3564225],[60.3854459,55.356514],[60.3853548,55.3565445],[60.3852475,55.3565414],[60.3848934,55.3565872],[60.3847861,55.3565811],[60.3846896,55.3566116],[60.3847486,55.3566634],[60.3848398,55.3567],[60.3848773,55.356758],[60.3848827,55.357005],[60.3849149,55.3571269],[60.3848183,55.3571513],[60.3846037,55.35713],[60.3843945,55.3570934],[60.3841799,55.3570964],[60.3840727,55.3570842],[60.3839922,55.3570355],[60.3839278,55.3568464],[60.3838581,55.3567945],[60.3835738,55.3567183],[60.3833216,55.3566085],[60.3831285,55.356453],[60.3831071,55.356392],[60.3830534,55.356331],[60.3828335,55.3563158],[60.3828496,55.3561237],[60.3827959,55.3560657],[60.3827101,55.3560291],[60.3825974,55.35602],[60.3825223,55.3559742],[60.3824902,55.3560383],[60.3824902,55.3560993],[60.3825706,55.3562151],[60.3824633,55.3562273],[60.3823507,55.3562182],[60.3821629,55.3561542],[60.382061,55.3561694],[60.3820717,55.3562944],[60.3820503,55.3563524],[60.3818893,55.356514],[60.3818572,55.3565719],[60.3818572,55.3566329],[60.381782,55.3566756],[60.381664,55.3566726],[60.3815728,55.3567031],[60.3815889,55.3567641],[60.3815567,55.356822],[60.381428,55.3569226],[60.3814065,55.3569867]],[[60.3820583,55.3398297],[60.38212,55.3398999],[60.3821146,55.3400585],[60.3822112,55.3401485],[60.3822112,55.3401744],[60.3824472,55.340176],[60.3826377,55.34015],[60.3827503,55.3400997],[60.3828737,55.3399822],[60.3829649,55.3399456],[60.3830239,55.3399395],[60.3830695,55.3399426],[60.3831339,55.3399792],[60.3831661,55.340089],[60.383209,55.3400997],[60.3833136,55.3399761],[60.3833216,55.3399212],[60.3832814,55.3399273],[60.38315,55.339909],[60.3827664,55.3397595],[60.3825411,55.3397306],[60.3822863,55.3396726],[60.3821951,55.3396695],[60.3820637,55.3398022],[60.3820583,55.3398297]],[[60.3829542,55.3411568],[60.3829622,55.341262],[60.3830212,55.3412986],[60.3829676,55.3413978],[60.3829703,55.3414268],[60.3830212,55.341471],[60.3832734,55.3415442],[60.3832975,55.3417044],[60.3833806,55.3418005],[60.3834504,55.341805],[60.383563,55.3417486],[60.3837588,55.3417166],[60.3839171,55.3416098],[60.3839332,55.3415823],[60.3842148,55.3414649],[60.3844374,55.3413917],[60.3845367,55.3412971],[60.3846037,55.3412559],[60.38477,55.3412513],[60.385108,55.3412986],[60.385159,55.3412971],[60.3855962,55.3411903],[60.3857383,55.3411141],[60.385808,55.3410363],[60.3857651,55.340931],[60.3857625,55.3408456],[60.3857061,55.3407678],[60.3856122,55.3407602],[60.3855747,55.3408319],[60.3854996,55.3409127],[60.385462,55.3409295],[60.3852126,55.3409524],[60.3850731,55.3409402],[60.3848398,55.3408426],[60.3846869,55.3408166],[60.3843704,55.3407907],[60.3843087,55.3407617],[60.3837132,55.3406443],[60.383665,55.3406473],[60.3836301,55.3406626],[60.3835335,55.3407541],[60.3834799,55.3407724],[60.3833565,55.3407739],[60.3832492,55.3407998],[60.3832144,55.3408731],[60.3832626,55.3409753],[60.3832519,55.3410012],[60.3831661,55.3410714],[60.3829998,55.341111],[60.3829542,55.3411568]],[[60.3833644,55.4368639],[60.3836984,55.4372961],[60.3842358,55.4374411],[60.3842619,55.4376454],[60.3845802,55.4377283],[60.3846167,55.4374707],[60.3843924,55.4374115],[60.3843036,55.4372517],[60.3838132,55.4368461],[60.3836201,55.4367632],[60.3833644,55.4368639]],[[60.3836301,55.3394484],[60.3836462,55.3395536],[60.3837106,55.3396528],[60.383909,55.3396573],[60.3840432,55.3396238],[60.3841424,55.3395658],[60.3842095,55.3394926],[60.3843516,55.3394209],[60.3843516,55.3393934],[60.3843006,55.3393462],[60.3841102,55.3392653],[60.384011,55.3391799],[60.3838876,55.3392104],[60.3837615,55.3391799],[60.3837293,55.3391967],[60.3837132,55.3392729],[60.3836301,55.3394484]],[[60.3836797,55.4616992],[60.3838382,55.4620387],[60.3844017,55.4623282],[60.3853174,55.462448],[60.3854935,55.462448],[60.3853526,55.4620886],[60.38493,55.4617791],[60.3839967,55.4615894],[60.3836797,55.4616992]],[[60.3840941,55.3420338],[60.3841022,55.3420857],[60.3841665,55.3421254],[60.3843436,55.3421055],[60.3846467,55.3420262],[60.3848103,55.3418874],[60.3848693,55.3417837],[60.3848398,55.3417639],[60.3846601,55.3417745],[60.3844053,55.341831],[60.3842685,55.3418249],[60.3842282,55.3418386],[60.3841424,55.3419301],[60.3840941,55.3420338]],[[60.3846131,55.355221],[60.3847191,55.3552278],[60.3848116,55.3552538],[60.3848787,55.3552156],[60.3848693,55.3551973],[60.3847767,55.3551775],[60.3846762,55.3551783],[60.3846225,55.3551973],[60.3846131,55.355221]],[[60.384998,55.3677468],[60.385175,55.3679663],[60.3850785,55.3680714],[60.3850383,55.3681461],[60.3851134,55.36814],[60.3850302,55.368198],[60.3850785,55.3682589],[60.3850973,55.3683184],[60.384998,55.3683291],[60.3850034,55.3683915],[60.3851348,55.3683961],[60.3851429,55.368483],[60.3853065,55.3683839],[60.3854674,55.368355],[60.3856176,55.3682666],[60.3858027,55.368169],[60.3858831,55.368041],[60.385918,55.3679678],[60.3858858,55.3679312],[60.3859073,55.3678321],[60.3859287,55.3676873],[60.3859421,55.367602],[60.3859448,55.3675166],[60.385808,55.3674694],[60.3857195,55.3674191],[60.3856015,55.3673276],[60.3854379,55.3672041],[60.3853574,55.3672681],[60.3852636,55.367291],[60.3851214,55.3673931],[60.3851402,55.3674754],[60.3851134,55.3676065],[60.384998,55.3677468]],[[60.3859502,55.3192178],[60.3860494,55.3193414],[60.3860682,55.3193994],[60.3860548,55.3194437],[60.386138,55.3195108],[60.3863955,55.3195612],[60.3865939,55.3195383],[60.386669,55.3195123],[60.3866637,55.3193704],[60.3867602,55.3191949],[60.3865537,55.3190881],[60.3862667,55.3191247],[60.3861352,55.3190957],[60.3860226,55.3191415],[60.3859502,55.3192178]],[[60.3860159,55.3511389],[60.3860374,55.3511816],[60.3861675,55.3511534],[60.3862533,55.3511122],[60.3862627,55.351023],[60.386083,55.3510611],[60.3860776,55.3511008],[60.3860347,55.3511152],[60.3860159,55.3511389]],[[60.3869022,55.463037],[60.3870255,55.4631968],[60.3876946,55.4633066],[60.3886455,55.4632167],[60.3880116,55.4630071],[60.3872896,55.4629572],[60.3869022,55.463037]],[[60.387066,55.3264406],[60.3871196,55.3265444],[60.3873396,55.3266512],[60.3874254,55.3266664],[60.3876185,55.3266298],[60.3877687,55.3265718],[60.3878492,55.3264742],[60.3878599,55.3263673],[60.3877687,55.3262972],[60.3875971,55.3262727],[60.3872377,55.3263338],[60.3871518,55.3263551],[60.3870928,55.3263918],[60.387066,55.3264406]],[[60.3888577,55.3410256],[60.3889301,55.3410561],[60.3889087,55.3412132],[60.388914,55.3412407],[60.3889543,55.3412513],[60.3890938,55.3412178],[60.3893915,55.3410668],[60.3894129,55.3410439],[60.3894103,55.3409905],[60.3893486,55.3409524],[60.3890374,55.3409737],[60.3889033,55.3409631],[60.3888658,55.3409737],[60.3888577,55.3410256]],[[60.3916164,55.3652399],[60.3916472,55.3653512],[60.3917344,55.3653802],[60.3918014,55.3654168],[60.3918712,55.3654175],[60.3919329,55.3653962],[60.3919463,55.3653299],[60.3919087,55.3652819],[60.3918377,55.3652468],[60.391662,55.3652117],[60.3916164,55.3652399]],[[60.3927684,55.347369],[60.3927711,55.3474758],[60.3928488,55.347613],[60.3930151,55.3475856],[60.3931493,55.3475871],[60.3933585,55.3473766],[60.3933746,55.3473248],[60.3933611,55.3472455],[60.3933316,55.3472226],[60.3930768,55.3471448],[60.3930446,55.3471265],[60.3930098,55.3470747],[60.3929642,55.3470686],[60.3929293,55.3470853],[60.392881,55.3471906],[60.3927845,55.3473126],[60.3927684,55.347369]],[[60.3940639,55.3654724],[60.3941202,55.3655121],[60.3942168,55.3655151],[60.394257,55.3655303],[60.3942382,55.3655532],[60.3942704,55.3656005],[60.394434,55.3656569],[60.394603,55.3656035],[60.3946915,55.3656111],[60.3947023,55.3656355],[60.3946486,55.3657666],[60.3945199,55.3658733],[60.394493,55.3660075],[60.3942811,55.3661386],[60.3942275,55.3662087],[60.3942409,55.3662575],[60.3942919,55.3663047],[60.3944045,55.3663444],[60.3947264,55.3663566],[60.3948042,55.366387],[60.3949195,55.3664953],[60.3951046,55.3665227],[60.3952467,55.3665136],[60.3954264,55.3663779],[60.3954238,55.3661965],[60.3953916,55.3661752],[60.3952199,55.3661401],[60.3951502,55.3661035],[60.3951287,55.3660502],[60.3951341,55.3657057],[60.3949651,55.365666],[60.3947881,55.3655456],[60.3944421,55.3654053],[60.3942597,55.3653962],[60.3942007,55.3653566],[60.3941497,55.3653535],[60.3940639,55.3654724]],[[60.3978324,55.3462175],[60.3978351,55.3462785],[60.3979906,55.3464097],[60.3982401,55.3464646],[60.3983688,55.3465348],[60.398401,55.3465851],[60.398401,55.3466385],[60.3983769,55.3466888],[60.398173,55.346759],[60.3979236,55.3468932],[60.3978807,55.346971],[60.3978699,55.3470808],[60.3979209,55.347125],[60.3981945,55.3471418],[60.3984922,55.3470609],[60.3985566,55.3470259],[60.3986907,55.3468688],[60.39868,55.3466598],[60.3987712,55.3465897],[60.3989617,55.3465677],[60.3990999,55.3465621],[60.3992876,55.3465153],[60.3994226,55.3464947],[60.3994818,55.3464741],[60.3996161,55.3464478],[60.3998011,55.3464295],[60.3999406,55.346364],[60.400233,55.3462831],[60.400418,55.3461733],[60.4004315,55.3461489],[60.4003778,55.3461062],[60.4002812,55.3461001],[60.400064,55.3461581],[60.3998682,55.3461474],[60.3996885,55.3460986],[60.3991333,55.3458622],[60.3988945,55.3457798],[60.3987014,55.3457615],[60.3985056,55.3457615],[60.3981274,55.3458027],[60.3980496,55.3458347],[60.3979933,55.34594],[60.3979075,55.3460025],[60.3978753,55.3461382],[60.3978324,55.3462175]],[[60.3992432,55.3441784],[60.3993532,55.3442699],[60.3996965,55.3443553],[60.4001605,55.3443675],[60.4005012,55.3442882],[60.4009518,55.3442241],[60.4011422,55.344157],[60.4016492,55.3438428],[60.4018584,55.3437627],[60.4018329,55.3436804],[60.4017229,55.3436438],[60.4012737,55.343791],[60.4007265,55.3437345],[60.4001901,55.3437223],[60.3996,55.3438123],[60.3994042,55.3438947],[60.399254,55.3440365],[60.3992459,55.3440945],[60.3992432,55.3441784]],[[60.4013269,55.3579026],[60.4014158,55.3580448],[60.4020166,55.3583406],[60.4023063,55.3584016],[60.4024887,55.3584717],[60.4026443,55.3587065],[60.4028723,55.3587873],[60.4029822,55.3587568],[60.4032075,55.3588194],[60.403339,55.3587889],[60.4034924,55.3588271],[60.4036421,55.3588239],[60.4037225,55.3588895],[60.4039371,55.3588346],[60.4040846,55.3587858],[60.404216,55.3587873],[60.4042965,55.3588285],[60.4043931,55.3586837],[60.4045272,55.3586821],[60.4051655,55.3588285],[60.4053224,55.3587979],[60.4057127,55.3578862],[60.4061043,55.3573099],[60.4064745,55.3571788],[60.4067588,55.3572367],[60.4069412,55.3574288],[60.407365,55.3575203],[60.4078692,55.3573587],[60.408708,55.3573152],[60.4089636,55.3569531],[60.4089367,55.3566817],[60.4092264,55.3564926],[60.4091138,55.3564103],[60.4089153,55.3563737],[60.4087436,55.3561938],[60.4090548,55.3560352],[60.4092675,55.355733],[60.4089693,55.3544181],[60.4098165,55.352583],[60.4097253,55.3521896],[60.4100096,55.3517595],[60.4105675,55.3515277],[60.4117328,55.3514076],[60.4139686,55.3515521],[60.4139578,55.3516619],[60.4141107,55.3517824],[60.4143977,55.3518038],[60.4157925,55.3516345],[60.4166508,55.3508171],[60.418067,55.3504664],[60.4189843,55.3506524],[60.4206848,55.3500973],[60.4225516,55.3490817],[60.4217309,55.3485204],[60.4215592,55.3477427],[60.4206848,55.3481178],[60.4201269,55.3481422],[60.4194403,55.3480995],[60.4185659,55.3472546],[60.4175949,55.3470899],[60.4167634,55.3468398],[60.416742,55.3466873],[60.4159695,55.3462572],[60.4153418,55.3462602],[60.414843,55.3463823],[60.4143655,55.3469557],[60.4138988,55.347035],[60.4121462,55.3476106],[60.4115826,55.3486713],[60.4109666,55.3493451],[60.4094356,55.3502407],[60.4094946,55.3506219],[60.4099345,55.3511343],[60.4096234,55.3514515],[60.4088509,55.3516375],[60.4087973,55.3518907],[60.4089099,55.3520523],[60.4093873,55.352339],[60.4090977,55.3527294],[60.4087919,55.3529154],[60.4080462,55.3530283],[60.4076117,55.3529703],[60.4069734,55.3530039],[60.406335,55.352769],[60.4057449,55.3527965],[60.4047257,55.3534278],[60.4039645,55.3536603],[60.4036689,55.3545745],[60.4040283,55.3551707],[60.4045222,55.3555468],[60.4046881,55.3555755],[60.4050033,55.3555351],[60.4051682,55.3554665],[60.405478,55.3554535],[60.4069197,55.3552911],[60.407306,55.3556754],[60.4075366,55.3557943],[60.4077351,55.3562273],[60.4080784,55.3563981],[60.4086524,55.356389],[60.4080892,55.356575],[60.4069626,55.3566634],[60.4065764,55.3568982],[60.4047877,55.3571221],[60.4030628,55.3576866],[60.401756,55.3577758],[60.4013269,55.3579026]],[[60.4089408,55.3430207],[60.4089488,55.3430817],[60.4090963,55.3432625],[60.4091674,55.3433189],[60.4092439,55.3433181],[60.4093109,55.3432998],[60.4093592,55.3432998],[60.4093833,55.3432777],[60.4095134,55.3432175],[60.4095483,55.3432144],[60.4095738,55.3432655],[60.4095979,55.3432655],[60.409665,55.3432304],[60.4096529,55.3431938],[60.4095456,55.3431458],[60.4094544,55.3431412],[60.409378,55.3431107],[60.4092653,55.3431],[60.4092264,55.3430855],[60.4091862,55.343055],[60.4091111,55.3430268],[60.4090306,55.3429765],[60.408985,55.3429772],[60.4089636,55.3429963],[60.4089408,55.3430207]],[[60.4159434,55.4082472],[60.4165669,55.4084425],[60.4169646,55.4082044],[60.4173516,55.40818],[60.4177601,55.407942],[60.4184158,55.4079298],[60.4182761,55.4075636],[60.4181149,55.4074721],[60.4182438,55.4073317],[60.4179536,55.4072036],[60.4177924,55.4068984],[60.4174054,55.4070144],[60.4170399,55.4070144],[60.4165992,55.4073745],[60.4160939,55.4078871],[60.4163627,55.4080519],[60.4159434,55.4082472]],[[60.4161572,55.3359855],[60.416227,55.3361503],[60.4165327,55.336434],[60.4166642,55.3364874],[60.4166856,55.3366018],[60.4168063,55.3367086],[60.4168224,55.3367971],[60.4169834,55.336849],[60.4169404,55.3368947],[60.4170102,55.3369741],[60.4170906,55.3369985],[60.4172462,55.3369588],[60.4174715,55.3368703],[60.4179141,55.3367925],[60.4180965,55.3366278],[60.4181179,55.3364996],[60.418236,55.3364096],[60.4182279,55.3363578],[60.4181018,55.336341],[60.4180858,55.3362555],[60.4182279,55.3361106],[60.4183057,55.3359718],[60.4183218,55.3358604],[60.4181957,55.3357842],[60.4181904,55.3357323],[60.4184318,55.3354272],[60.4185605,55.3353448],[60.4185444,55.3351831],[60.418362,55.3351739],[60.4179758,55.3353478],[60.4172784,55.335537],[60.4171497,55.3356133],[60.4169404,55.3358025],[60.4167527,55.3358543],[60.416463,55.3358635],[60.4161948,55.3359367],[60.4161572,55.3359855]],[[60.4162136,55.3375324],[60.4162726,55.3376529],[60.4163638,55.3377124],[60.4165623,55.3377948],[60.4170263,55.3381273],[60.417265,55.3382692],[60.4174313,55.3382158],[60.4175252,55.338225],[60.4178283,55.3382921],[60.4180106,55.3383821],[60.4181018,55.3383989],[60.4183379,55.3382967],[60.4184049,55.338225],[60.4183915,55.3381456],[60.4183084,55.338016],[60.4180804,55.3378863],[60.4179329,55.3376544],[60.4177263,55.3375965],[60.4176351,55.3375934],[60.4174527,55.3376071],[60.4173401,55.3375446],[60.4172972,55.3374363],[60.4169592,55.33727],[60.4165193,55.3372181],[60.4164281,55.3372288],[60.416294,55.3372975],[60.416235,55.3373936],[60.4162136,55.3375324]],[[60.4164349,55.3579385],[60.4164556,55.3579571],[60.4164577,55.3579903],[60.4164811,55.3580307],[60.4164892,55.3580376],[60.4165623,55.3580418],[60.4166045,55.35807],[60.4166481,55.3580704],[60.4168037,55.3580475],[60.4169371,55.3579808],[60.4169512,55.3579507],[60.416913,55.3578821],[60.416856,55.3578714],[60.4166226,55.357876],[60.416524,55.3578603],[60.4164623,55.3578645],[60.4164637,55.3579129],[60.4164349,55.3579385]],[[60.4170424,55.3397702],[60.4171014,55.3398663],[60.417147,55.3398663],[60.4171738,55.3398877],[60.4171792,55.3399899],[60.417273,55.3400036],[60.4173025,55.3400219],[60.4173374,55.3401531],[60.4175627,55.3402156],[60.4176405,55.3402004],[60.4177102,55.3400997],[60.417949,55.3399228],[60.4180831,55.3397763],[60.4181233,55.3396955],[60.4181233,55.3396146],[60.4181072,55.3395582],[60.4179838,55.3393843],[60.417906,55.3393507],[60.4176834,55.3393111],[60.4175949,55.339215],[60.4175252,55.3391845],[60.4174367,55.3391753],[60.4173213,55.3392165],[60.4172006,55.3392973],[60.4171014,55.3396695],[60.4170424,55.3397702]],[[60.418421,55.3531159],[60.4184304,55.3531289],[60.4184532,55.3531358],[60.4185216,55.3531403],[60.4185525,55.3531929],[60.4185498,55.3532059],[60.4185082,55.3532189],[60.4185028,55.3532448],[60.41859,55.3532562],[60.4185954,55.3532684],[60.418531,55.3533096],[60.4184867,55.3533195],[60.418472,55.3533447],[60.41848,55.3533576],[60.4186007,55.3534186],[60.4186329,55.3534689],[60.41859,55.3534789],[60.4185846,55.3535063],[60.4185525,55.3535254],[60.4185444,55.353562],[60.4186369,55.3535646],[60.418759,55.3535345],[60.4188026,55.3535097],[60.418873,55.3534468],[60.4189709,55.3534118],[60.418995,55.353411],[60.4190004,55.3534499],[60.4190339,55.353485],[60.4190634,55.3534217],[60.4190017,55.3534057],[60.4190299,55.3533744],[60.4190802,55.3533523],[60.4191352,55.3533557],[60.4191855,55.3533035],[60.4192123,55.3532372],[60.4192244,55.3532265],[60.4193652,55.3531762],[60.4193947,55.3531571],[60.4195395,55.3529962],[60.4196119,55.3529436],[60.4199338,55.3527805],[60.4200792,55.3526661],[60.4200947,55.3526318],[60.420092,55.352554],[60.4200035,55.3524198],[60.4199606,55.3523726],[60.4199284,55.3523558],[60.4198399,55.3523314],[60.4196173,55.3522231],[60.4195315,55.3521987],[60.4193531,55.3521263],[60.4192807,55.352124],[60.4191855,55.3521316],[60.4190125,55.3520935],[60.4189387,55.3521133],[60.4189521,55.3520805],[60.4189038,55.3520866],[60.4188435,55.3521072],[60.4187804,55.3521576],[60.4187644,55.3521736],[60.4188851,55.3522277],[60.4189642,55.3522544],[60.4190326,55.3522551],[60.4190406,55.3522681],[60.4189628,55.3523024],[60.418991,55.352336],[60.4190125,55.3523306],[60.4190312,55.3523504],[60.4190165,55.3523771],[60.4189602,55.3524046],[60.4189588,55.3524175],[60.4189709,55.3524427],[60.4189937,55.3524427],[60.4190446,55.3524877],[60.4190353,55.3525266],[60.4189736,55.3525426],[60.4189065,55.3525311],[60.4188891,55.3525403],[60.418881,55.3525525],[60.4188998,55.3525777],[60.4188274,55.3525769],[60.4187644,55.3526348],[60.4187416,55.3526882],[60.4186772,55.3526981],[60.4186772,55.3527111],[60.4187013,55.352734],[60.4187483,55.3527096],[60.4187697,55.3527149],[60.4188073,55.35275],[60.418869,55.352769],[60.4188877,55.3527934],[60.418873,55.3528323],[60.4188059,55.3528559],[60.4187281,55.3528636],[60.4186946,55.3528811],[60.4186222,55.3528735],[60.4185766,55.3528826],[60.4184881,55.3528704],[60.4184706,55.3528796],[60.4184774,55.3529314],[60.4185216,55.3529345],[60.4185618,55.3529482],[60.418527,55.352968],[60.4185283,55.352981],[60.4185458,55.3529901],[60.4185511,55.3530222],[60.4185082,55.3530565],[60.4184304,55.3530893],[60.418421,55.3531159]],[[60.4184478,55.3391311],[60.4184532,55.3392409],[60.4185176,55.3393934],[60.4185498,55.3395872],[60.4185712,55.3396116],[60.4187295,55.3396741],[60.4188582,55.3395978],[60.4189467,55.3395872],[60.4190272,55.3396146],[60.4191264,55.3397885],[60.4192123,55.3398068],[60.4192364,55.3397839],[60.4193249,55.3398022],[60.419341,55.3397778],[60.4193357,55.339697],[60.4192927,55.3396238],[60.419341,55.33952],[60.4191855,55.3394621],[60.4190916,55.3394651],[60.4189762,55.3395109],[60.418885,55.3395017],[60.4188743,55.3394194],[60.4189199,55.3393126],[60.4189977,55.3392104],[60.4189897,55.3391845],[60.4188529,55.3390792],[60.4188207,55.3389999],[60.4187509,55.3389312],[60.4186678,55.3389495],[60.4186437,55.3389709],[60.4186276,55.3390487],[60.4184478,55.3391311]],[[60.4199687,55.3536901],[60.4199955,55.3538807],[60.4201725,55.3539615],[60.4204488,55.3539584],[60.420709,55.3539005],[60.4208323,55.3538548],[60.4208162,55.353809],[60.4208618,55.3537998],[60.4209718,55.3536718],[60.4210845,55.3535894],[60.4210603,55.3533393],[60.4211837,55.3530862],[60.4211703,55.3528971],[60.4213098,55.3528636],[60.4213983,55.3527675],[60.4213876,55.3526852],[60.4213124,55.3525571],[60.4212239,55.3524915],[60.4209182,55.3523574],[60.4207385,55.3523207],[60.4206446,55.3523299],[60.4205695,55.3523619],[60.4205212,55.35249],[60.4206419,55.3525708],[60.4206687,55.3526486],[60.4206124,55.3528056],[60.4205775,55.3528529],[60.4205078,55.3528971],[60.4202449,55.3530145],[60.4201484,55.3530755],[60.4201323,55.3532402],[60.4199687,55.3536901]],[[60.4204488,55.3407724],[60.4208109,55.3408746],[60.4208565,55.340867],[60.4209101,55.3408227],[60.4209504,55.340812],[60.4215109,55.3407709],[60.4215968,55.340751],[60.4216933,55.3406931],[60.421873,55.3406732],[60.4218972,55.3406519],[60.4219052,55.3405466],[60.4218918,55.3405238],[60.4218489,55.3405131],[60.4217067,55.3405558],[60.4215163,55.3405832],[60.4213232,55.3405848],[60.4211783,55.3406031],[60.4210925,55.3405863],[60.4210469,55.3405909],[60.4209772,55.3406626],[60.4209316,55.3406748],[60.4207921,55.3406732],[60.4206768,55.3407221],[60.4205373,55.3407343],[60.4204488,55.3407724]],[[60.4216233,55.3886942],[60.4219133,55.3889087],[60.4222846,55.3890035],[60.4223573,55.3890996],[60.4223477,55.3891409],[60.4220534,55.389195],[60.4218502,55.389367],[60.4218555,55.3894344],[60.4221134,55.389559],[60.422092,55.3895985],[60.4218448,55.3895511],[60.4218181,55.3895833],[60.4219465,55.3896672],[60.4217014,55.3897316],[60.4217539,55.3898926],[60.4219807,55.3899753],[60.4224654,55.3899419],[60.4226098,55.3899814],[60.4229789,55.3899309],[60.423286,55.389793],[60.4236969,55.3897371],[60.4242447,55.3898756],[60.4249476,55.3899048],[60.4261352,55.3901406],[60.42734,55.3902287],[60.4287662,55.390033],[60.4288817,55.3899467],[60.4293354,55.3897966],[60.4299431,55.389666],[60.4299035,55.3894217],[60.4300961,55.3891555],[60.4302823,55.389037],[60.4307667,55.3888132],[60.4302164,55.388742],[60.4298233,55.3886225],[60.4278182,55.3882609],[60.4271954,55.3880505],[60.4262028,55.3880127],[60.4257186,55.3880712],[60.4254402,55.3880608],[60.4249439,55.3879233],[60.4245989,55.3879852],[60.4245244,55.3879466],[60.4245672,55.3879004],[60.4250165,55.3877424],[60.425406,55.3877035],[60.4260215,55.3877622],[60.4268875,55.3876838],[60.4256548,55.3876386],[60.4254986,55.3875906],[60.4253809,55.3876076],[60.4253092,55.3875602],[60.4249958,55.387545],[60.424311,55.3875638],[60.4234818,55.3878865],[60.4227789,55.3880701],[60.4218074,55.3885678],[60.4216233,55.3886942]],[[60.4224065,55.4081811],[60.424062,55.4095481],[60.4250079,55.409719],[60.4240835,55.4088646],[60.422772,55.407937],[60.4224065,55.4081811]]]}}